Badge ID,BirthYear,BirthMonth,BirthDay,Age,City,State,Zip,Country,Division,Department
S01895,1982,6,30,33,Irvine,CA,92602,US,Executive Staff,Executive Staff
S00012,1978,8,8,37,South San Francisco,CA,94080,US,Anime Resource Group,Anime Resource Group
S00066,1985,8,30,30,Los Angeles,CA,90045,US,Executive Staff,Chair Team
S00685,1983,8,21,32,San Francisco,CA,94121,US,Anime Resource Group,Anime Resource Group
S03115,1981,6,30,34,San Jose,CA,95120,US,Fan Services,Fan Services
S08952,1972,1,15,44,San Jose,CA,95120,US,Fan Services,Fan Services
S00011,1974,3,9,42,Cupertino,CA,95104,US,Fan Services,Artist Alley
S06402,1993,11,26,22,San Jose,CA,95138,US,Fan Services,Artist Alley
S02033,1976,6,18,39,Davis,CA,95618,US,Fan Services,Artist Alley
S01805,1972,8,26,43,San Jose,CA,95127,US,Fan Services,Artist Alley
S10579,0,0,0,52,Lodi,CA,95240,US,Fan Services,Artist Alley
S02034,1968,8,12,47,Davis,CA,95618-1422,US,Fan Services,Artist Alley
S08440,1996,6,2,19,San Jose,CA,95148,US,Fan Services,Artist Alley
S10581,1986,1,27,30,San Jose,CA,95124,US,Fan Services,Artist Alley
S09837,1983,3,1,33,San Jose,CA,95132,US,Fan Services,Artist Alley
S09032,1995,6,14,20,loomis,CA,95650,US,Fan Services,Artist Alley
S09846,1988,7,11,27,SPARKS,NV,89436,US,Fan Services,Artist Alley
S09294,1996,4,20,20,san jose,CA,95122,US,Fan Services,Artist Alley
S10293,0,0,0,38,Georgetown,TX,78626,US,Fan Services,Artist Alley
S10705,0,0,0,19,Santa Clara,CA,95050,US,Fan Services,Artist Alley
S10348,1992,1,1,24,San Fernando,CA,91340,US,Fan Services,Art Gallery
S00220,1984,7,19,31,Tracy,CA,95376,US,Fan Services,Dealers Room
S00380,1978,6,10,37,Castro Valley,CA,94546,US,Fan Services,Dealers Room
S08354,1991,9,15,24,Pflugerville,TX,78660,US,Fan Services,Dealers Room
S09916,1992,7,27,23,Berkeley,CA,94703,US,Fan Services,Dealers Room
S07733,1995,4,19,21,San Lorenzo,CA,94580,US,Fan Services,Dealers Room
S03970,1991,1,29,25,Milpitas,CA,95035,US,Fan Services,Dealers Room
S09918,1993,11,4,22,Antioch,CA,94509,US,Fan Services,Dealers Room
S09337,2000,1,15,16,San Jose,CA,95124,US,Fan Services,Dealers Room
S09135,1998,8,3,17,San Jose,CA,95124,US,Fan Services,Dealers Room
S10757,1999,8,28,16,San Jose,CA,95124,US,Fan Services,Dealers Room
S10548,1992,2,14,24,Bell,CA,90201,US,Fan Services,Dealers Room
S00069,1982,10,12,33,mtn ranch,CA,95246,US,Fan Services,Dealers Room
S07668,1988,10,20,27,San Jose,CA,95126,US,Fan Services,Dealers Room
S09932,1998,1,6,18,San Jose,CA,95124,US,Fan Services,Dealers Room
S08518,1994,4,1,22,Antioch,CA,94531,US,Fan Services,Dealers Room
S08436,1996,1,21,20,San Jose,CA,95148,US,Fan Services,Dealers Room
S00771,1978,10,21,37,san jose,CA,95117,US,Fan Services,Dealers Room
S07768,1993,4,23,23,Los Angeles,CA,90006,US,Fan Services,Dealers Room
S07043,1992,1,14,24,Oakland,CA,94601,US,Fan Services,Dealers Room
S06904,1990,4,24,26,Newark,CA,94560,US,Fan Services,Dealers Room
S08850,1993,6,10,22,Maywood,CA,90270,US,Fan Services,Dealers Room
S00163,1982,6,20,33,San Leandro,CA,94577,US,Fan Services,Dealers Room
S07062,1996,1,22,20,Antioch,CA,94531,US,Fan Services,Fan Storage
S07622,1994,2,25,22,San Leandro,CA,94578,US,Fan Services,Fan Storage
S08950,1993,8,28,22,Union City,CA,94587,US,Fan Services,Fan Storage
S10300,0,0,0,20,Union City,CA,94587,US,Fan Services,Fan Storage
S10322,1993,1,15,23,San Jose,CA,95127,US,Fan Services,Fan Storage
S10303,0,0,0,22,Newark,CA,94560,US,Fan Services,Fan Storage
S10298,1995,8,22,20,Union City,CA,94587,US,Fan Services,Fan Storage
S10323,1994,4,14,22,Union City,CA,94587,US,Fan Services,Fan Storage
S08468,1996,5,17,20,Antioch,CA,94531,US,Fan Services,Fan Storage
S09666,1994,7,6,21,Hayward,CA,94541,US,Fan Services,Fan Storage
S10703,0,0,0,16,Milpitas,CA,95035,US,Fan Services,Fan Storage
S10305,1996,11,13,19,Union city,CA,94587,US,Fan Services,Fan Storage
S10321,1999,6,24,16,Milpitas,CA,95035,US,Fan Services,Fan Storage
S10317,1999,3,9,17,Castro Valley,CA,94552,US,Fan Services,Fan Storage
S10638,1994,3,3,22,Stockton,CA,95202,US,Fan Services,Fan Storage
S10310,1998,11,17,17,Castro Valley,CA,94546,US,Fan Services,Fan Storage
S10311,1998,4,6,18,Castro Valley,CA,94546,US,Fan Services,Fan Storage
S10307,1991,3,7,25,Fremont,CA,94538,US,Fan Services,Fan Storage
S10301,1996,3,30,20,Union City,CA,94587,US,Fan Services,Fan Storage
S10312,1992,7,24,23,Union City,CA,94587,US,Fan Services,Fan Storage
S03515,1982,11,23,33,Union City,CA,94587,US,Fan Services,Fan Storage
S10764,0,0,0,23,Fremont,CA,94536,US,Fan Services,Fan Storage
S00646,1989,8,18,26,San Jose,CA,95138-1528,US,Fan Services,Registration
S06024,1990,2,17,26,Modesto,CA,95357,US,Fan Services,Registration
S02397,1991,8,16,24,San Jose,CA,95111,US,Fan Services,Registration
S03068,1993,8,5,22,Daly City,CA,94015,US,Fan Services,Registration
S07876,1988,1,22,28,San Francisco,CA,94131,US,Fan Services,Registration
S10576,1996,6,17,19,San Pablo,CA,94806,US,Fan Services,Registration
S02188,1992,7,12,23,south san francisco,CA,94080,US,Fan Services,Registration
S04750,1983,2,19,33,San Mateo,CA,94402,US,Fan Services,Registration
S09915,0,0,0,23,San Jose,CA,95122,US,Fan Services,Registration
S10810,1993,4,19,23,Sacramento,CA,95831,US,Fan Services,Registration
S06257,1994,11,9,21,Fremont,CA,94555,US,Fan Services,Registration
S06258,1992,11,20,23,San Francisco,CA,94107,US,Fan Services,Registration
S03784,1993,7,24,22,Mountain View,CA,94043,US,Fan Services,Registration
S07877,1994,9,20,21,san jose,CA,95124,US,Fan Services,Registration
S01781,1994,6,3,21,Antioch,CA,94509,US,Fan Services,Registration
S07910,1983,5,5,33,San Jose,CA,95119,US,Fan Services,Registration
S01890,1987,1,14,29,South San Francisco,CA,94080,US,Fan Services,Registration
S06477,1991,10,7,24,Patterson,CA,95363,US,Fan Services,Registration
S06028,1998,6,24,17,Palo Alto,CA,94301,US,Fan Services,Registration
S05182,1990,6,7,25,oakland,CA,94601,US,Fan Services,Registration
S10807,1994,7,2,21,Sacramento,CA,95828,US,Fan Services,Registration
S07687,0,0,0,21,San Jose,CA,95112,US,Fan Services,Registration
S07872,1993,6,23,22,San Francisco,CA,94112,US,Fan Services,Registration
S03718,1991,8,30,24,Corte Madera,CA,94925,US,Fan Services,Registration
S01597,1992,2,12,24,South San Francisco,CA,94080,US,Fan Services,Registration
S06188,0,0,0,23,Daly City,CA,94015,US,Fan Services,Registration
S06970,1984,6,13,31,San Jose,CA,95116,US,Fan Services,Registration
S09914,0,0,0,22,San Jose,CA,95138,US,Fan Services,Registration
S09040,1985,5,13,31,San Jose,CA,95131,US,Fan Services,Registration
S07449,1993,11,4,22,Boulder Creek,CA,95006,US,Fan Services,Registration
S05849,1993,11,3,22,San Jose,CA,95112,US,Fan Services,Registration
S09018,1994,8,24,21,San Jose,CA,95133,US,Fan Services,Registration
S10383,1994,8,16,21,Daly City,CA,94015,US,Fan Services,Registration
S06968,1992,1,22,24,Woodland,CA,95695,US,Fan Services,Registration
S10808,1999,11,28,16,Mountain View,CA,94041,US,Fan Services,Registration
S06023,1988,12,4,27,San Francisco,CA,94134,US,Fan Services,Registration
S10575,1977,5,17,39,Santa Clara,CA,95050,US,Fan Services,Registration
S10683,0,0,0,26,San Jose,CA,95128,US,Fan Services,Registration
S06030,1989,6,11,26,San Francisco,CA,94112,US,Fan Services,Registration
S10459,0,0,0,22,San Francisco,CA,94121,US,Fan Services,Registration
S10648,1990,12,31,25,Sunnyvale,CA,94089,US,Fan Services,Registration
S01348,1986,7,20,29,San Jose,CA,95130,US,Fan Services,Swap Meet
S10809,1994,10,15,21,San Jose,CA,95111,US,Fan Services,Swap Meet
S06356,1988,6,21,27,San Rafael,CA,94903,US,Fan Services,Swap Meet
S10368,1973,3,25,43,oakland,CA,94606,US,Fan Services,Swap Meet
S10577,1995,11,24,20,Irvine,CA,92620,US,Fan Services,Swap Meet
S06369,1987,10,16,28,Chula Vista,CA,91914,US,Fan Services,Swap Meet
S07723,1994,4,7,22,San Jose,CA,95123,US,Fan Services,Swap Meet
S00023,1985,1,14,31,Hayward,CA,94544,US,Communications,Communications
S01576,1990,4,8,26,Danville,CA,94506,US,Communications,Communications
S00165,1983,6,26,32,Sacramento,CA,95825,US,Communications,Communications
S00202,1986,6,20,29,San Jose,CA,95148,US,Communications,Creative Services
S03320,1980,7,8,35,Fremont,CA,94536,US,Communications,Creative Services
S04583,1988,6,8,27,Cupertino,CA,95014,US,Communications,Artist Pool
S08833,0,0,0,33,Laguna Niguel,CA,92677,US,Communications,Artist Pool
S09141,1989,1,13,27,Los Angeles,CA,90004,US,Communications,Artist Pool
S01149,1985,8,19,30,Loveland,CO,80537,US,Communications,Artist Pool
S01150,1983,4,12,33,Turlock,CA,95382,US,Communications,Artist Pool
S08989,0,0,0,32,SAN JOSE,CA,95112,US,Communications,Artist Pool
S05935,1986,8,4,29,Lynnwood,WA,98087,US,Communications,Artist Pool
S05936,1984,10,8,31,San Jose,CA,95112,US,Communications,Artist Pool
S00774,1987,2,21,29,san Jose,CA,95125,US,Communications,Design
S07762,1990,10,6,25,Diamond Springs,CA,95619,US,Communications,Design
S07349,1980,12,28,35,San Jose,CA,95112,US,Communications,Design
S07761,1991,8,2,24,Carmichael,CA,95608,US,Communications,Design
S08983,0,0,0,24,carmichael,CA,95608,US,Communications,Design
S00809,1982,12,16,33,millbrae,CA,94030,US,Communications,Design
S02572,1987,5,21,29,San Jose,CA,95132,US,Communications,Marketing
S00251,1981,10,17,34,Cerritos,CA,90703,US,Communications,Awesome
S00594,1982,9,5,33,San Leandro,CA,94579,US,Communications,Photography
S07021,1990,3,23,26,Placerville,CA,95667,US,Communications,Photography
S10593,1991,1,21,25,Pine Grove,CA,95665,US,Communications,Photography
S10498,1992,12,25,23,San Jose,CA,95111,US,Communications,Photography
S07102,1990,9,26,25,Philadelphia,PA,19120,US,Communications,Photography
S00036,1987,5,20,29,San Jose,CA,95122,US,Communications,Photography
S06318,1987,9,21,28,San Jose,CA,95148,US,Communications,Photography
S07830,1987,7,30,28,San Jose,CA,95112,US,Communications,Photography
S00247,1985,4,18,31,Fremont,CA,94555,US,Communications,Photography
S10666,1989,3,27,27,San jose,CA,95123,US,Communications,Photography
S10774,0,0,0,29,rancho cordova,CA,95670,US,Communications,Photography
S00141,1990,9,1,25,San Jose,CA,95111,US,Communications,Professional Registration
S02273,1954,6,13,61,Concord,CA,94519,US,Communications,Professional Registration
S01314,1969,1,5,47,Atascadero,CA,93422,US,Communications,Professional Registration
S00544,1986,9,18,29,San Jose,CA,95148,US,Communications,Professional Registration
S06163,1985,7,9,30,San Diego,CA,92122,US,Communications,Mobile App
S00024,1986,8,22,29,Berkeley,CA,94709,US,Communications,Social Media
S00381,1979,12,28,36,Sunnyvale,CA,94086,US,Programming,Game Show
S00221,1986,4,15,30,"Mountain House, CA",CA,95391,US,Communications,Charity
S01029,1986,10,17,29,Sunnyvale,CA,94087,US,Communications,Charity
S03591,1977,12,28,38,Sacramento,CA,95822,US,Communications,Charity
S03479,1979,4,19,37,Sacramento,CA,95822,US,Communications,Charity
S04121,1996,8,2,19,Sacramento,CA,95822,US,Communications,Charity
S06309,1999,12,9,16,Sacramento,CA,95822,US,Communications,Charity
S09009,1994,7,9,21,Sacrament,CA,95819,US,Communications,Charity
S06411,1989,5,4,27,San Jose,CA,95120,US,Communications,Charity
S09010,1997,4,29,19,Sacramento,CA,95831,US,Communications,Charity
S10616,1993,8,20,22,Sacramento,CA,95817,US,Communications,Charity
S04379,1992,9,29,23,Richmond,CA,94805,US,Communications,Publications
S07358,1990,9,28,25,Atascadero,CA,93422,US,Communications,Web Team
S01925,1989,11,12,26,San Jose,CA,95148,US,Communications,Publications
S04631,1987,8,5,28,Tustin,CA,92780,US,Communications,Content
S05057,1992,11,2,23,Tulare,CA,93274,US,Communications,Environmental Branding
S07032,1995,5,9,21,Daly City,CA,94014,US,Communications,Environmental Branding
S10462,1994,3,27,22,San Francisco,CA,94113,US,Communications,Environmental Branding
S10490,1993,11,12,22,Hollister,CA,95023,US,Communications,Environmental Branding
S10578,1999,10,19,16,San Jose,CA,95148,US,Communications,Environmental Branding
S10619,1998,4,15,18,Milpitas,CA,95035,US,Communications,Environmental Branding
S10652,1995,8,4,20,Elk Grove,CA,95624,US,Communications,Environmental Branding
S10373,0,0,0,28,dublin,CA,94568,US,Communications,Environmental Branding
S10410,0,0,0,16,Milpitas,CA,95035,US,Communications,Environmental Branding
S09921,1994,8,16,21,Merced,CA,95348,US,Communications,Environmental Branding
S05544,1989,6,10,26,Foster City,CA,94404,US,Communications,Print
S09907,1990,12,23,25,Santa Cruz,CA,95062,US,Communications,Print
S09279,0,0,0,25,Sacramento,CA,95831,US,Communications,Print
S09259,1997,10,6,18,Los Gatos,CA,95023,US,Communications,Print
S07459,1996,10,26,19,Foster City,CA,94404,US,Communications,Print
S07290,1983,10,1,32,San Francisco,CA,94132,US,Communications,Print
S10518,0,0,0,17,Castro Valley,CA,94546,US,Communications,Print
S09772,2001,4,11,15,Menlo Park,CA,94025,US,Communications,Print
S07421,1995,2,15,21,San Jose,CA,95118,US,Communications,Print
S04806,1991,9,7,24,Fremont,CA,94539,US,Communications,Signage
S08396,1995,5,15,21,San Francisco,CA,94112,US,Communications,Signage
S08392,1995,5,26,20,San Jose,CA,95120,US,Communications,Signage
S06547,1990,12,28,25,Austin,TX,78758,US,Communications,Signage
S10377,1992,11,13,23,San Jose,CA,95115,US,Communications,Signage
S10515,1995,4,5,21,San Diego,CA,92114,US,Communications,Signage
S07031,1994,10,19,21,Corona,CA,92882,US,Communications,Signage
S10731,1992,7,10,23,Sacramento,CA,95828,US,Communications,Signage
S06985,0,0,0,33,San Jose,CA,95126,US,Communications,Web Team
S09919,1992,8,18,23,San Francisco,CA,94117,US,Guest Relations,Hospitality
S00710,1975,8,13,40,Santa Clara,CA,95051,US,Programming,Programming
S08193,0,0,0,38,Santa Clarita,CA,91390,US,Programming,Programming
S03494,1990,7,28,25,San Jose,CA,95127,US,Programming,Programming
S04402,1970,6,13,45,Pittsburg,CA,94565,US,Programming,Programming
S05193,1986,3,10,30,Mountain View,CA,94043,US,Programming,Programming
S03723,1989,7,9,26,San Jose,CA,95120,US,Programming,Programming
S03830,1981,10,31,34,San Jose,CA,95133,US,Programming,Manga Lounge
S01270,1986,8,22,29,Campbell,CA,95008,US,Programming,Programming
S02434,1973,7,29,42,Fremont,CA,94555,US,Programming,Dance
S06497,1994,11,13,21,Stockton,CA,95204,US,Programming,Dance
S08007,1991,4,21,25,Foster City,CA,94404,US,Programming,Dance
S04683,1991,2,25,25,San Jose,CA,95129,US,Programming,Dance
S05197,1991,6,28,24,Clovis,CA,93611,US,Programming,Dance
S02169,1990,10,14,25,Carson,CA,90745,US,Programming,Dance
S09527,1985,1,15,31,Torrance,CA,90505,US,Programming,Dance
S02328,1990,4,2,26,Roseville,CA,95661,US,Programming,Dance
S06650,1987,12,2,28,El Monte,CA,91732,US,Programming,Dance
S05184,1983,7,11,32,Villa Park,CA,92861,US,Programming,Dance
S03937,1992,10,4,23,San Jose,CA,95139,US,Programming,Dance
S10096,1991,12,24,24,Gilroy,CA,95020,US,Programming,Dance
S09747,1990,8,17,25,Santa Monica,CA,90403,US,Programming,Dance
S09353,1986,6,21,29,Castro Valley,CA,94546,US,Programming,Dance
S07704,1988,2,19,28,Sioux City,IA,51106,US,Programming,Dance
S08913,1991,1,8,25,Vallejo,CA,94591,US,Programming,Dance
S06104,1990,9,25,25,oakland,CA,94602,US,Programming,Dance
S09842,0,0,0,26,Palo Alto,CA,94306,US,Programming,Dance
S10670,1991,5,1,25,Tulare,CA,93274,US,Programming,Dance
S10392,1993,4,17,23,Tulare,CA,93274,US,Programming,Dance
S10740,0,0,0,27,San Jose,CA,95121,US,Programming,Dance
S10803,0,0,0,25,Citrus Heights,CA,95621,US,Programming,Dance
S10505,1997,2,11,19,El Monte,CA,91731,US,Programming,Dance
S10716,1988,10,10,27,san jose,CA,95121,US,Programming,Dance
S07880,1975,10,18,40,Oakland,CA,94611,US,Programming,Dance
S09561,0,0,0,27,san ramon,CA,94582,US,Programming,Dance
S10506,1990,4,5,26,Norwalk,CA,90650,US,Programming,Dance
S10739,0,0,0,27,San Jose,CA,95148,US,Programming,Dance
S10536,0,0,0,33,santa clara,CA,95054,US,Programming,Dance
S10661,1989,6,28,26,San jose,CA,95122,US,Programming,Dance
S08717,0,0,0,25,Palo Alto,CA,94303,US,Programming,Dance
S08866,1994,11,23,21,San Jose,CA,95111,US,Programming,Dance
S04412,1990,3,14,26,Sunnyvale,CA,94087,US,Programming,Dance
S10530,1994,2,18,22,Valencia,CA,91354,US,Programming,Dance
S03996,1986,9,30,29,SANTA CLARA,CA,95050,US,Programming,Dance
S10397,1993,11,21,22,Visalia,CA,93292,US,Programming,Dance
S08280,1996,7,2,19,San Jose,CA,95123,US,Programming,Dance
S06696,1990,1,14,26,San Ramon,CA,94583,US,Programming,Dance
S09682,1995,2,23,21,San Jose,CA,95111,US,Programming,Dance
S06202,1991,5,8,25,San Jose,CA,95148,US,Programming,Dance
S06725,1990,7,31,25,Carson,CA,90746,US,Programming,Dance
S10431,0,0,0,29,CA,CA,90032,US,Programming,Dance
S10432,0,0,0,23,Los Angeles,CA,90029,US,Programming,Dance
S08131,0,0,0,27,San Jose,CA,95135,US,Programming,Dance
S09731,1984,12,8,31,San Jose,CA,95112,US,Programming,Dance
S10091,1990,6,8,25,San Diego,CA,92129,US,Programming,Dance
S10094,1991,6,26,24,SAN JOSE,CA,95122,US,Programming,Dance
S10597,1985,9,5,30,los angeles,CA,90034,US,Programming,Dance
S02984,1993,5,18,23,San Jose,CA,95121,US,Programming,Dance
S09049,1994,1,23,22,West Sacramento,CA,95691,US,Programming,Dance
S09801,1996,9,24,19,Sacramento,CA,95823,US,Programming,Dance
S09841,1994,7,7,21,Long Beach,CA,90808,US,Programming,Dance
S01815,1989,3,25,27,Discovery Bay,CA,94505,US,Programming,Dance
S08058,1995,4,1,21,San Jose,CA,95111,US,Programming,Dance
S10391,1994,10,20,21,tulare,CA,93274,US,Programming,Dance
S09840,0,0,0,25,Foster City,CA,94404,US,Programming,Dance
S10433,1993,7,6,22,San jose,CA,95134,US,Programming,Dance
S09628,1991,6,17,24,Orange,CA,92868,US,Programming,Dance
S10102,0,0,0,24,San Jose,CA,95121,US,Programming,Dance
S04705,0,0,0,37,San Francisco,CA,94134,US,Programming,Dance
S02395,1981,1,17,35,San Francisco,CA,94118,US,Programming,Dance
S06701,0,0,0,24,Oakland,CA,94602,US,Programming,Dance
S04889,1983,12,19,32,Foster City,CA,94404,US,Programming,Games
S06038,1986,4,30,30,San Carlos,CA,94070,US,Programming,Games
S10567,0,0,0,30,San Francisco,CA,94122,US,Programming,Games
S04810,0,0,0,30,Rohnert Park,CA,94928,US,Programming,Games
S10294,0,0,0,27,Daly City,CA,94014,US,Programming,Games
S07572,1989,12,19,26,San Jose,CA,95117-3004,US,Programming,Arcade
S06249,1991,5,20,25,San Jose,CA,95116,US,Programming,Arcade
S09694,1987,2,5,29,Pacifica,CA,94044,US,Programming,Arcade
S10610,1996,9,9,19,Sunnyvale,CA,94085,US,Programming,Arcade
S10573,1995,4,13,21,Fairfield,CA,94533,US,Programming,Arcade
S10743,1989,9,21,26,east palo alto,CA,94303,US,Programming,Arcade
S10488,1994,11,13,21,San Martin,CA,95046,US,Programming,Arcade
S10608,1992,8,7,23,Sunnyvale,CA,94085,US,Programming,Arcade
S10286,0,0,0,17,Fremont,CA,94538,US,Programming,Arcade
S09701,0,0,0,29,San Francisco,CA,94134,US,Programming,Arcade
S10668,1999,4,29,17,San Jose,CA,95127,US,Programming,Arcade
S10279,1999,9,18,16,Fremont,CA,94539,US,Programming,Arcade
S10732,1993,8,9,22,Gilroy,CA,95020,US,Programming,Arcade
S09695,1990,8,28,25,Las Vegas,NV,89127,US,Programming,Arcade
S10745,1994,6,8,21,Mountain View,CA,94040,US,Programming,Arcade
S09283,1991,1,26,25,San Jose,CA,95112,US,Programming,Arcade
S07536,1985,9,23,30,Salinas,CA,93906,US,Programming,Arcade
S10669,1981,4,7,35,San Francisco,CA,94110,US,Programming,Arcade
S04899,1990,9,21,25,Sacramento,CA,95823,US,Programming,E-gaming
S06205,1994,1,12,22,Buda,TX,78610,US,Programming,E-gaming
S06155,1987,10,20,28,Fairfield,CA,94534,US,Programming,E-gaming
S06446,1994,1,11,22,Sacramento,CA,95834,US,Programming,E-gaming
S01209,1987,11,6,28,San Jose,CA,95136,US,Programming,E-gaming
S07305,1992,10,25,23,San Jose,CA,95113,US,Programming,E-gaming
S10409,1995,5,21,21,Richmond,CA,94804,US,Programming,E-gaming
S03811,1989,6,1,26,San Jose,CA,95121,US,Programming,E-gaming
S09922,1997,4,9,19,Pinole,CA,94564,US,Programming,E-gaming
S07769,0,0,0,22,Sacramento,CA,95831,US,Programming,E-gaming
S10552,0,0,0,124,San Jose,CA,95131,US,Programming,E-gaming
S07479,0,0,0,24,Sacramento,CA,95829,US,Programming,E-gaming
S10289,0,0,0,24,hacienda heights,CA,91745,US,Programming,E-gaming
S09079,1990,1,5,26,Vallejo,CA,94590,US,Programming,E-gaming
S09974,1993,4,23,23,Issaquah,WA,98029,US,Programming,E-gaming
S06286,1994,4,26,22,san pablo,CA,94806,US,Programming,E-gaming
S04812,1992,8,9,23,Sacramento,CA,95834,US,Programming,E-gaming
S10378,1990,9,22,25,ELK GROVE,CA,95624,US,Programming,E-gaming
S10529,0,0,0,19,Peoria,AZ,85382,US,Programming,E-gaming
S07481,1990,8,3,25,Elk Grove,CA,95624,US,Programming,E-gaming
S09819,1992,8,6,23,Elk Grove,CA,95757,US,Programming,E-gaming
S10425,1987,7,7,28,Elk Grove,CA,95624,US,Programming,E-gaming
S10495,1995,1,11,21,Bell Gardens,CA,90201,US,Programming,E-gaming
S10441,0,0,0,20,Ridgecrest,CA,93555,US,Programming,E-gaming
S04891,1987,10,23,28,Castro Valley,CA,94546,US,Programming,E-gaming
S10451,1993,6,16,22,Sacramento,CA,95829,US,Programming,E-gaming
S09021,1993,2,19,23,Redding,CA,96001,US,Programming,E-gaming
S06101,1968,5,4,48,North Highlands,CA,95660,US,Programming,E-gaming
S10351,1997,10,12,18,San Pablo,CA,94806,US,Programming,E-gaming
S09055,1996,6,25,19,Long Beach,CA,90815,US,Programming,E-gaming
S10599,0,0,0,24,Temple City,CA,91780,US,Programming,E-gaming
S10598,0,0,0,24,Alhambra,CA,91803,US,Programming,E-gaming
S10527,1997,5,24,18,Mountain View,CA,94040,US,Programming,E-gaming
S10099,1997,8,2,18,Pinole,CA,94806,US,Programming,E-gaming
S10101,1989,1,6,27,San francisco,CA,94122,US,Programming,E-gaming
S01859,1987,3,13,29,Sacramento,CA,95815,US,Programming,E-gaming
S04897,1986,9,19,29,Hobbs,NM,88240,US,Programming,E-gaming
S10765,1995,6,20,20,fairfield,CA,94534,US,Programming,E-gaming
S10380,1990,1,9,26,Sacramento,CA,95829,US,Programming,E-gaming
S10379,1990,9,1,25,Elk Grove,CA,95757,US,Programming,E-gaming
S01882,1982,3,8,34,Reno,NV,89511,US,Programming,E-gaming
S10382,1993,4,17,23,Sacramento,CA,95828,US,Programming,E-gaming
S09950,1993,7,26,22,Issaquah,WA,98027,US,Programming,E-gaming
S06112,1995,3,2,21,Renton,WA,98059,US,Programming,E-gaming
S08423,1990,4,19,26,Los Angeles,CA,90009,US,Programming,E-gaming
S05925,0,0,0,25,Gilroy,CA,95020,US,Programming,E-gaming
S07554,1995,8,26,20,Mountain View,CA,94040,US,Programming,E-gaming
S07608,0,0,0,20,Mountain View,CA,94040,US,Programming,E-gaming
S04818,0,0,0,25,Elk Grove,CA,95758,US,Programming,E-gaming
S10528,1998,12,24,17,San  Jose,CA,95126,US,Programming,E-gaming
S01966,1986,2,6,30,Sacramento,CA,95843,US,Programming,E-gaming
S10440,1995,11,27,20,Bell Gardens,CA,90201,US,Programming,E-gaming
S09935,1994,10,16,21,Pinole,CA,94564,US,Programming,E-gaming
S09020,1996,1,10,20,Redding,CA,96001,US,Programming,E-gaming
S10659,1996,12,6,19,San Jose,CA,95130,US,Programming,E-gaming
S10442,1996,4,10,20,lynwood,CA,90262,US,Programming,E-gaming
S10381,1996,6,3,19,Sutter Creek,CA,95685,US,Programming,E-gaming
S03796,1984,7,12,31,San Francisco,CA,94132,US,Programming,E-gaming
S07907,0,0,0,29,Sacramento,CA,95823,US,Programming,E-gaming
S06291,1987,9,29,28,San Jose,CA,95131,US,Programming,Tabletop Gaming
S05214,1986,5,16,30,San Mateo,CA,94402-2446,US,Programming,Tabletop Gaming
S07000,1991,11,14,24,san jose,CA,95127,US,Programming,Tabletop Gaming
S03988,1990,3,21,26,Sunnyvale,CA,94087,US,Programming,Tabletop Gaming
S06297,1993,4,25,23,San Jose,CA,95131,US,Programming,Tabletop Gaming
S05000,0,0,0,26,San Jose,CA,95120,US,Programming,Tabletop Gaming
S06540,1988,5,13,28,Sunnyvale,CA,94087,US,Programming,Tabletop Gaming
S10729,1993,12,6,22,San Jose,CA,95135,US,Programming,Tabletop Gaming
S10771,1996,5,27,19,Fremont,CA,94555,US,Programming,Tabletop Gaming
S10583,1987,6,25,28,San Jose,CA,95122,US,Programming,Tabletop Gaming
S10592,1998,8,27,17,Morgan Hill,CA,95037,US,Programming,Tabletop Gaming
S07676,1983,11,12,32,San Jose,CA,95134,US,Programming,Tabletop Gaming
S07684,1984,8,10,31,San Jose,CA,95134,US,Programming,Tabletop Gaming
S06281,1989,7,13,26,San Jose,CA,95125,US,Programming,Tabletop Gaming
S10622,1993,2,6,23,Menlo Park,CA,94025,US,Programming,Tabletop Gaming
S10623,1990,1,6,26,Menlo Park,CA,94025,US,Programming,Tabletop Gaming
S07894,1997,1,31,19,Pacifica,CA,94044,US,Programming,Tabletop Gaming
S04096,0,0,0,27,Fremont,CA,94536,US,Programming,Tabletop Gaming
S10742,1997,3,24,19,Clovis,CA,93612,US,Programming,Tabletop Gaming
S09850,0,0,0,21,Santa Cruz,CA,95064,US,Programming,Tabletop Gaming
S07912,1988,10,20,27,Salinas,CA,93906,US,Programming,Tabletop Gaming
S09245,1988,8,14,27,Daly City,CA,94015,US,Programming,Tabletop Gaming
S09972,1997,11,13,18,Clovis,CA,93611,US,Programming,Tabletop Gaming
S10645,1992,8,19,23,1372 Metcalf Rd Sanjose CA 95138,CA,95138,US,Programming,Tabletop Gaming
S09219,1990,7,11,25,San jose,CA,95116,US,Programming,Tabletop Gaming
S09146,1989,2,14,27,San Jose,CA,95112,US,Programming,Tabletop Gaming
S09248,1995,7,10,20,Pleasanton,CA,94566,US,Programming,Tabletop Gaming
S10292,1990,12,3,25,Alameda,CA,94501,US,Programming,Tabletop Gaming
S10776,1990,11,15,25,San Jose,CA,95124,US,Programming,Tabletop Gaming
S10695,1996,9,16,19,San Jose,CA,95118,US,Programming,Tabletop Gaming
S03216,1980,11,19,35,Elk Grove,CA,95758,US,Programming,Tabletop Gaming
S10791,1987,6,4,28,San Jose,CA,95123,US,Programming,Tabletop Gaming
S10736,1990,7,24,25,San Jose,CA,95111,US,Programming,Tabletop Gaming
S10520,0,0,0,22,San Bruno,CA,94066,US,Programming,Tabletop Gaming
S10693,1992,6,29,23,San Jose,CA,95130,US,Programming,Tabletop Gaming
S09843,1994,4,4,22,Montebello,CA,90640,US,Programming,Tabletop Gaming
S10690,1993,5,14,23,Morgan hill,CA,95037,US,Programming,Tabletop Gaming
S10800,1991,12,11,24,Danville,CA,94526,US,Programming,Tabletop Gaming
S07834,0,0,0,30,Danville,CA,94526,US,Programming,Tabletop Gaming
S07863,1985,1,13,31,Chico,CA,95926,US,Programming,Tabletop Gaming
S10618,0,0,0,23,Sunnyvale,CA,94087,US,Programming,Tabletop Gaming
S03010,1990,8,20,25,San Mateo,CA,94402,US,Programming,Tabletop Gaming
S09704,0,0,0,25,San Jose,CA,95134,US,Programming,Tabletop Gaming
S10571,1991,1,16,25,Hollister,CA,95023,US,Programming,Tabletop Gaming
S09779,1997,6,20,18,San Jose,CA,95129,US,Programming,Tabletop Gaming
S05647,1990,2,2,26,Coalinga,CA,93210,US,Programming,Tabletop Gaming
S10059,1978,8,27,37,Santa Clara,CA,95051,US,Programming,Tabletop Gaming
S09183,0,0,0,23,Redwood City,CA,94065,US,Programming,Tabletop Gaming
S10735,1995,4,13,21,Sunnyvale,CA,94087,US,Programming,Tabletop Gaming
S10291,1989,6,29,26,San Jose,CA,95111,US,Programming,Tabletop Gaming
S09170,1992,10,7,23,Stockton,CA,95219,US,Programming,Tabletop Gaming
S10787,0,0,0,24,Ripon,CA,95366,US,Programming,Tabletop Gaming
S05997,0,0,0,29,san jose,CA,95128,US,Programming,Tabletop Gaming
S09081,1991,11,9,24,Modesto,CA,95351,US,Programming,Tabletop Gaming
S10790,0,0,0,25,Berkeley,CA,94704,US,Programming,Tabletop Gaming
S10607,1991,7,9,24,San Jose,CA,95112,US,Programming,Tabletop Gaming
S10521,0,0,0,21,MIllbrae,CA,94030,US,Programming,Tabletop Gaming
S10792,1993,3,26,23,Danville,CA,94526,US,Programming,Tabletop Gaming
S00406,1984,1,29,32,Los Angeles,CA,90031,US,Programming,Karaoke
S01431,1982,7,20,33,San Bernardino,CA,92407,US,Programming,Karaoke
S07698,1982,9,7,33,San Jose,CA,95110,US,Programming,Karaoke
S07793,0,0,0,21,Berkeley,CA,94703,US,Programming,Karaoke
S03943,1989,7,16,26,El Cajon,CA,92019,US,Programming,Karaoke
S08210,1993,5,9,23,Glendora,CA,91740,US,Programming,Karaoke
S00405,1978,5,15,38,Las Vegas,NV,89121,US,Programming,Karaoke
S04131,1989,4,22,27,Los Angeles,CA,90029,US,Programming,Karaoke
S10805,1988,2,6,28,San Francisco,CA,94122,US,Programming,Karaoke
S07904,1990,6,14,25,Los Angeles,CA,90020,US,Programming,Karaoke
S05310,0,0,0,23,Fresno,CA,93706,US,Programming,Panels
S02462,1983,12,9,32,South San Francisco,CA,94080,US,Programming,Panels
S04868,1991,6,9,24,Clovis,CA,93611,US,Programming,Panels
S03136,1989,4,15,27,San Jose,CA,95132,US,Programming,Panels
S10724,1994,7,24,21,tolleson,AZ,85353,US,Programming,Panels
S09751,0,0,0,34,Redwood City,CA,94064,US,Programming,Panels
S06815,1986,10,23,29,Castro Valley,CA,94546,US,Programming,Panels
S10538,1993,3,27,23,San Jose,CA,95116,US,Programming,Panels
S07397,1997,5,9,19,el cerrito,CA,94530,US,Programming,Panels
S10801,1997,1,9,19,Fresno,CA,93720,US,Programming,Panels
S10636,1993,9,2,22,Clovis,CA,93611,US,Programming,Panels
S06521,1995,5,30,20,Antioch,CA,94531,US,Programming,Panels
S10689,1997,10,19,18,Antioch,CA,94531,US,Programming,Panels
S10632,1993,9,14,22,Fresno,CA,93703,US,Programming,Panels
S07428,1989,8,21,26,San Jose,CA,95130,US,Programming,Panels
S10633,1996,8,31,19,Clovis,CA,93611,US,Programming,Panels
S04030,1989,11,29,26,pittsburg,CA,94565,US,Programming,Panels
S09862,1994,5,26,21,Placerville,CA,95667,US,Programming,Panels
S10499,0,0,0,27,San Jose,CA,95118,US,Programming,Panels
S09752,0,0,0,25,Union City,CA,94587,US,Programming,Panels
S09756,1992,7,15,23,Rancho Cordova,CA,95670,US,Programming,Panels
S03831,1990,3,30,26,San Leandro,CA,94577,US,Programming,Panels
S08265,1982,6,18,33,San Jose,CA,95148,US,Programming,Panels
S10408,1992,3,13,24,Milpitas,CA,95035,US,Programming,Panels
S09750,1996,2,1,20,Dos Palos,CA,93620,US,Programming,Panels
S10655,1994,12,20,21,Sanger,CA,93657,US,Programming,Panels
S01995,1983,7,12,32,San Jose,CA,95121,US,Programming,Panels
S06319,1982,8,23,33,Milpitas,CA,95035,US,Programming,Panels
S09307,1997,11,8,18,Oakland,CA,94608,US,Programming,Panels
S10635,1995,4,19,21,Clovis,CA,93611,US,Programming,Panels
S10664,1994,10,2,21,Fresno,CA,93726,US,Programming,Panels
S09863,1997,9,13,18,Fresno,CA,93727,US,Programming,Panels
S05305,1999,10,27,16,Paradise,CA,95969,US,Programming,Panels
S09980,1986,10,9,29,emeryville,CA,94608,US,Operations,Tech
S01803,1969,9,10,46,Morgan Hill,CA,95037,US,Programming,Bushido
S02154,1977,8,24,38,Sunnyvale,CA,94086,US,Programming,Bushido
S03849,1988,6,23,27,San Francisco,CA,94133,US,Programming,Bushido
S10485,1994,3,28,22,Vista,CA,92084,US,Programming,Bushido
S04759,1991,7,30,24,Oceanside,CA,92056,US,Programming,Bushido
S10481,1996,7,17,19,Sacramento,CA,95820,US,Programming,Bushido
S06381,1982,8,4,33,San Francisco,CA,94121,US,Programming,Bushido
S07645,1991,6,21,24,Poway,CA,92064,US,Programming,Bushido
S02150,1949,7,27,66,Hayward,CA,94541,US,Programming,Bushido
S02156,1958,11,18,57,Hayward,CA,94541,US,Programming,Bushido
S08908,1990,3,26,26,San Diego,CA,92119,US,Programming,Bushido
S02158,1983,9,13,32,San Ramon,CA,94582,US,Programming,Bushido
S08997,1990,8,8,25,San Jose,CA,95130,US,Programming,Bushido
S02152,1983,2,26,33,Stockton,CA,95215,US,Programming,Bushido
S06371,1988,7,15,27,Hayward,CA,94544,US,Programming,Bushido
S06382,1972,8,9,43,San Francisco,CA,94121,US,Programming,Bushido
S02157,1987,6,11,28,San Jose,CA,95133,US,Programming,Bushido
S02139,1988,2,20,28,San Diego,CA,92119,US,Programming,Bushido
S04791,1991,10,1,24,San Jose,CA,95111,US,Programming,Bushido
S09090,1994,4,8,22,San Francisco,CA,94112,US,Programming,Fan Events
S10448,1990,7,23,25,San Jose,CA,95118,US,Programming,Fan Events
S09902,1994,8,12,21,Barstow,CA,92311,US,Programming,Fan Events
S10372,1995,11,7,20,Bryn Mawr,PA,19010,US,Programming,Fan Events
S10560,0,0,0,21,Davis,CA,95616,US,Programming,Fan Events
S06087,1989,3,31,27,La Mesa,CA,91942,US,Programming,Game Show
S03533,1985,7,27,30,Sunnyvale,CA,94086,US,Programming,Game Show
S10030,1993,9,22,22,San Francisco,CA,94132,US,Programming,Game Show
S06088,0,0,0,26,Sunnyvale,CA,94086,US,Programming,Game Show
S07740,1995,7,13,20,San Jose,CA,95131,US,Programming,Manga Lounge
S10434,1981,10,31,34,San Jose,CA,95121,US,Programming,Manga Lounge
S10435,1982,2,10,34,San Jose,CA,95133,US,Programming,Manga Lounge
S09969,0,0,0,14,Milpitas,CA,95035,US,Programming,Manga Lounge
S07741,1995,8,6,20,San Jose,CA,95131,US,Programming,Manga Lounge
S10596,1983,3,31,33,Santa Clara,CA,95051,US,Programming,Manga Lounge
S09064,0,0,0,3,Berkeley,CA,94710,US,Programming,Speed Dating
S08753,1993,6,29,22,Fair Oaks,CA,95628,US,Programming,Speed Dating
S04848,1991,11,10,24,Elk Grove,CA,95757,US,Programming,Speed Dating
S08286,1994,9,21,21,Winters,CA,95694,US,Programming,Speed Dating
S07754,1995,7,24,20,San Rafael,CA,94901,US,Programming,Speed Dating
S10772,1985,5,27,30,Mountain View,CA,94040,US,Programming,Speed Dating
S10360,1991,9,24,24,Davis,CA,95616,US,Programming,Speed Dating
S10453,1994,12,31,21,Davis,CA,95616,US,Programming,Speed Dating
S10671,1992,5,8,24,Oakley,CA,94561,US,Programming,Speed Dating
S09065,0,0,0,25,San Jose,CA,95119,US,Programming,Speed Dating
S10359,0,0,0,22,DAvis,CA,95616,US,Programming,Speed Dating
S10399,0,0,0,25,Millbrae,CA,94030,US,Programming,Speed Dating
S05929,1994,1,16,22,San Francisco,CA,94127,US,Programming,Speed Dating
S10290,0,0,0,22,Millbrae,CA,94030,US,Programming,Speed Dating
S10366,1993,9,17,22,Millbrae,CA,94030,US,Programming,Speed Dating
S04738,1991,1,13,25,Alameda,CA,94502,US,Programming,Speed Dating
S07588,1992,5,18,24,Davis,CA,95616,US,Programming,Speed Dating
S10452,1992,10,19,23,Davis,CA,95616,US,Programming,Speed Dating
S07149,1992,3,6,24,san francisco,CA,94127,US,Programming,Speed Dating
S10361,1992,7,16,23,Davis,CA,95616,US,Programming,Speed Dating
S09011,1998,11,1,17,San Jose,CA,95120,US,Programming,Speed Dating
S09186,0,0,0,25,San Jose,CA,95134,US,Programming,Speed Dating
S00014,1983,9,6,32,San Jose,CA,95121,US,Programming,Info Desk
S03928,1994,6,11,21,Pitssburg,CA,94565,US,Programming,Info Desk
S04383,1997,7,29,18,Oakley,CA,94561,US,Programming,Info Desk
S04596,0,0,0,25,San Jose,CA,95121,US,Programming,Info Desk
S05712,0,0,0,23,Union City,CA,94587,US,Programming,Info Desk
S03927,1995,9,15,20,Antioch,CA,94509,US,Programming,Info Desk
S00978,1992,7,24,23,Newark,CA,94560,US,Programming,Info Desk
S04474,1996,10,30,19,Newark,CA,94560,US,Programming,Info Desk
S10523,0,0,0,18,San Jose,CA,95134,US,Programming,Info Desk
S10777,1992,9,29,23,Stockton,CA,95209,US,Programming,Info Desk
S10406,1992,9,5,23,Antioch,CA,94531,US,Programming,Info Desk
S09805,0,0,0,18,antioch,CA,94509,US,Programming,Info Desk
S09806,1998,9,23,17,antioch,CA,94509,US,Programming,Info Desk
S10755,1986,12,8,29,Oakley,CA,94561,US,Programming,Info Desk
S09233,1995,10,4,20,union city,CA,94579,US,Programming,Info Desk
S10782,0,0,0,43,San Jose,CA,95111,US,Programming,Info Desk
S09804,1998,1,19,18,Antioch,CA,94509,US,Programming,Info Desk
S03154,1992,7,18,23,Hayward,CA,94541,US,Programming,Info Desk
S10061,0,0,0,16,Antioch,CA,94509,US,Programming,Info Desk
S08221,0,0,0,19,Antioch,CA,94531,US,Programming,Info Desk
S09895,1999,4,17,17,antioch,CA,94509,US,Programming,Info Desk
S09325,1990,3,30,26,Tracy,CA,95377,US,Programming,Info Desk
S10516,1990,10,5,25,Pittsburg,CA,94565,US,Programming,Info Desk
S08462,1996,10,16,19,Antioch,CA,94531,US,Programming,Info Desk
S10517,1992,3,30,24,Pittsburg,CA,94565,US,Programming,Info Desk
S08947,0,0,0,24,Antioch,CA,94509,US,Programming,Info Desk
S10281,0,0,0,23,San Jose,CA,95134,US,Programming,Info Desk
S10780,0,0,0,21,Berkeley,CA,94709,US,Programming,Info Desk
S08222,1997,4,4,19,Antioch,CA,94531,US,Programming,Info Desk
S10679,1995,9,13,20,Antioch,CA,94509,US,Programming,Info Desk
S09222,1995,5,11,21,Antioch,CA,94509,US,Programming,Info Desk
S04386,1996,11,3,19,Antioch,CA,94509,US,Programming,Info Desk
S07339,1991,10,21,24,Santa Cruz,CA,95060,US,Programming,Info Desk
S05651,1997,6,8,18,Brentwood,CA,94513,US,Programming,Info Desk
S10756,1995,10,10,20,Oakley,CA,94561,US,Programming,Info Desk
S10754,1994,5,7,22,Tracy,CA,95377,US,Programming,Info Desk
S08966,1989,12,30,26,San Jose,CA,95127,US,Programming,Info Desk
S07396,1997,3,3,19,Carmel,CA,93923,US,Programming,Info Desk
S10617,1993,8,4,22,Antioch,CA,94531,US,Programming,Info Desk
S04400,1997,5,28,18,Oakley,CA,94561,US,Programming,Info Desk
S06683,1994,12,23,21,newark,CA,94560,US,Programming,Info Desk
S10320,1996,9,16,19,Oakland,CA,94611,US,Programming,Info Desk
S10778,1997,3,3,19,Pleasanton,CA,94588,US,Programming,Info Desk
S10796,1990,8,1,25,San Francisco,CA,94127,US,Programming,Info Desk
S08152,0,0,0,20,Fremont,CA,94555,US,Programming,Info Desk
S00474,1975,4,24,41,Pittsburg,CA,94565,US,Programming,Stage Zero
S00189,1985,6,29,30,Hayward,CA,94544,US,Programming,Stage Zero
S00569,1984,5,24,31,Martinez,CA,94553,US,Programming,Stage Zero
S10389,1994,11,14,21,Chico,CA,95926,US,Programming,Stage Zero
S06884,1993,3,18,23,Hayward,CA,94544,US,Programming,Stage Zero
S04233,1989,10,19,26,Milpitas,CA,95035,US,Programming,Stage Zero
S00946,1986,10,10,29,hayward,CA,94545,US,Programming,Stage Zero
S00156,1986,2,5,30,Hayward,CA,94544,US,Programming,Stage Zero
S00929,1987,7,16,28,Hayward,CA,94541,US,Programming,Stage Zero
S00514,1985,5,9,31,Antioch,CA,94509,US,Programming,Stage Zero
S08112,1989,11,6,26,San Leandro,CA,94578,US,Programming,Stage Zero
S07344,1993,9,20,22,Wheatland,CA,95692,US,Programming,Stage Zero
S04377,1991,10,17,24,San Lorenzo,CA,94580,US,Programming,Stage Zero
S07850,1965,6,16,50,San Leandro,CA,94579,US,Programming,Stage Zero
S08973,1991,8,28,24,San Francisco,CA,94132,US,Programming,Stage Zero
S02083,1991,9,27,24,Union City,CA,94587,US,Programming,Stage Zero
S01933,1987,6,6,28,El Sobrante,CA,94803,US,Programming,Stage Zero
S01924,1988,9,14,27,Daly City,CA,94014,US,Programming,Stage Zero
S06522,1992,7,2,23,Tehachapi,CA,93561,US,Programming,Stage Zero
S04002,1982,11,11,33,daly city,CA,94015,US,Programming,Stage Zero
S02082,1984,3,1,32,Hercules,CA,94547,US,Programming,Stage Zero
S10631,1989,7,8,26,Union City,CA,94587,US,Programming,Stage Zero
S00067,1978,6,21,37,Fremont,CA,94538,US,Programming,Video
S02168,1991,6,26,24,Los Gatos,CA,95032,US,Programming,Video
S00173,1977,2,4,40,campbell,CA,95008,US,Programming,Anime Programming
S03536,1991,12,9,24,Union City,CA,94587,US,Programming,Anime Programming
S06064,1993,1,23,23,Hayward,CA,94542,US,Programming,Anime Programming
S10025,0,0,0,18,San Jose,CA,95121,US,Programming,Anime Programming
S06327,1994,2,8,22,Vallejo,CA,94590,US,Programming,Anime Programming
S02533,1979,8,21,36,San Jose,CA,95112,US,Programming,Anime Programming
S07813,0,0,0,23,San Jose,CA,95122,US,Programming,Anime Programming
S04931,1993,9,5,22,Milpitas,CA,95035,US,Programming,Anime Programming
S06353,1997,12,22,18,San Jose,CA,95122,US,Programming,Anime Programming
S10686,0,0,0,21,Milpitas,CA,95035,US,Programming,Anime Programming
S10687,0,0,0,23,Milpitas,CA,95035,US,Programming,Anime Programming
S02778,0,0,0,35,San Jose,CA,95123,US,Programming,Anime Programming
S01377,1990,5,15,26,san jose,CA,95111,US,Programming,Anime Programming
S10637,1986,11,19,29,San Francisco,CA,94112,US,Programming,Anime Programming
S07430,1996,6,12,19,Los Gatos,CA,95032,US,Programming,Anime Programming
S08186,1989,4,14,27,Sugar Land,TX,77479,US,Programming,Anime Programming
S07812,1992,9,22,23,Baltimore,MD,21206,US,Programming,Anime Programming
S02039,1990,6,5,25,san jose,CA,95148,US,Programming,Anime Programming
S02779,1981,7,18,34,Mountain View,CA,94043,US,Programming,Anime Programming
S03922,0,0,0,24,San Jose,CA,95134,US,Programming,Anime Programming
S06102,1991,8,29,24,colorado springs,CO,80923,US,Programming,Anime Programming
S09934,1995,6,30,20,Stockton,CA,95219,US,Programming,Anime Programming
S07837,1992,11,23,23,Redwood City,CA,94063,US,Programming,Anime Programming
S07827,1995,12,1,20,San Jose,CA,95125,US,Programming,Anime Programming
S09058,1995,5,27,20,Orinda,CA,94563,US,Programming,Anime Programming
S00226,1980,4,1,36,San Francisco,CA,94127,US,Programming,Anime Programming
S07542,1989,11,29,26,Pacifica,CA,94044,US,Programming,Anime Programming
S04591,0,0,0,48,Fremont,CA,94539,US,Programming,Anime Programming
S08714,1991,10,25,24,pacifica,CA,94044,US,Programming,Anime Programming
S07420,1997,7,24,18,Stockton,CA,95219,US,Programming,Anime Programming
S03189,1992,11,22,23,San Jose,CA,95136,US,Programming,Anime Programming
S10104,1989,3,2,27,san jose,CA,95122,US,Programming,Anime Programming
S08189,1988,12,27,27,Aloha,OR,97078,US,Programming,Anime Programming
S09872,1994,4,2,22,Santa Cruz,CA,95060,US,Extravaganzas,Cosplay Gatherings
S07818,1987,6,24,28,Baldwin Park,CA,91706,US,Programming,Fanime Music Video
S07501,0,0,0,29,San Pablo,CA,94806,US,Programming,Fanime Music Video
S06100,0,0,0,29,San Francisco,CA,94110,US,Programming,Programming Ops
S00801,1985,11,4,30,Stockton,CA,95210,US,Programming,Programming Ops
S00025,1986,9,24,29,San Jose,CA,95148,US,Programming,Programming Ops
S06903,1993,3,12,23,Rolling Hills Estates,CA,90274,US,Programming,Programming Ops
S04813,1986,2,28,30,dixon,CA,95620,US,Programming,Programming Ops
S02173,1985,5,15,31,Chico,CA,95926,US,Programming,Programming Ops
S07268,0,0,0,24,San Jose,CA,95125,US,Programming,Programming Ops
S10730,1993,4,5,23,Martinez,CA,94553,US,Programming,Programming Ops
S10665,1990,12,30,25,Davis,CA,95616,US,Programming,Programming Ops
S09158,1987,9,23,28,San Jose,CA,95116,US,Programming,Programming Ops
S07557,0,0,0,22,Rolling Hills Estates,CA,90274,US,Programming,Programming Ops
S10600,1984,6,8,31,baldwin park,CA,91706,US,Programming,Programming Ops
S10766,1989,12,22,26,Hayward,CA,94544,US,Programming,Programming Ops
S10034,1991,11,4,24,San Francisco,CA,94122,US,Programming,Programming Ops
S05163,1996,5,6,20,Antioch,CA,94509,US,Programming,Programming Ops
S07549,1992,2,20,24,Long Beach,CA,90810,US,Programming,Programming Ops
S07239,1996,12,13,19,Corona,CA,92881,US,Programming,Programming Ops
S07064,1994,8,20,21,San Jose,CA,95124,US,Programming,Programming Ops
S05922,0,0,0,22,San Jose,CA,95127,US,Programming,Programming Ops
S05967,1988,4,8,28,San Jose,CA,95126,US,Programming,Programming Ops
S07905,0,0,0,23,San Francisco,CA,94122,US,Programming,Programming Ops
S07056,1986,12,13,29,Morgan Hill,CA,95037,US,Programming,Programming Ops
S01712,1985,8,20,30,Davis,CA,95616,US,Guest Relations,Guest Relations
S03489,1989,7,18,26,San Jose,CA,95129,US,Guest Relations,Guest Relations
S06022,1980,5,30,35,Oceano,CA,93445,US,Guest Relations,Autographs
S05856,1987,2,16,29,Santa Clara,CA,95054,US,Guest Relations,Autographs
S10493,1994,6,3,21,Midway City,CA,92655,US,Guest Relations,Autographs
S10494,0,0,0,21,Laguna Woods,CA,92637,US,Guest Relations,Autographs
S10395,1992,1,30,24,hayward,CA,94544,US,Guest Relations,Autographs
S10492,1993,7,15,22,Garden Grove,CA,92840,US,Guest Relations,Autographs
S05689,1990,10,31,25,Coachella,CA,92236,US,Guest Relations,Hospitality
S09912,0,0,0,23,Sunnyvale,CA,94089,US,Guest Relations,Hospitality
S06939,0,0,0,28,San Jose,CA,95117,US,Guest Relations,Hospitality
S06531,1985,9,16,30,Gardena,CA,90249,US,Guest Relations,Hospitality
S04285,1985,3,9,31,San Ramon,CA,94582,US,Guest Relations,Hospitality
S09987,1995,6,16,20,Livermore,CA,94550,US,Guest Relations,Hospitality
S09982,1988,8,10,27,Milpitas,CA,95035,US,Guest Relations,Hospitality
S07670,1992,7,25,23,San Jose,CA,95134,US,Guest Relations,Hospitality
S08816,1994,5,10,22,Santa Cruz,CA,95060,US,Guest Relations,Hospitality
S10402,1990,4,11,26,Union City,CA,94587,US,Guest Relations,Hospitality
S00369,1972,10,28,43,SARATOGA SPRINGS,NY,12866-9480,US,Guest Relations,Hospitality
S09951,1991,1,27,25,San Francisco,CA,94118,US,Guest Relations,Hospitality
S00704,1983,1,12,33,San Mateo,CA,94403,US,Guest Relations,MusicFest
S03283,0,0,0,33,Millbrae,CA,94030,US,Guest Relations,MusicFest
S03949,1991,11,10,24,San Jose,CA,95122,US,Guest Relations,MusicFest
S03780,1976,5,26,39,San Mateo,CA,94403,US,Guest Relations,MusicFest
S02287,1987,5,27,28,"Kumano-shi, Mie-ken",XX,519-4324,JP,Guest Relations,MusicFest
S00437,1987,12,25,28,San Jose,CA,95130,US,Guest Relations,MusicFest
S02134,1992,8,25,23,San Ramon,CA,94582,US,Guest Relations,Japanese Language Services
S02859,1982,4,2,34,Atascadero,CA,93422,US,Guest Relations,Japanese Language Services
S01749,1986,11,1,29,San Jose,CA,95132,US,Guest Relations,Japanese Language Services
S10758,0,0,0,41,Stockton,CA,95210,US,Guest Relations,Japanese Language Services
S09414,1984,2,23,32,Mountain View,CA,94040-1513,US,Guest Relations,Japanese Language Services
S10400,0,0,0,23,Menlo Park,CA,94025,US,Guest Relations,Japanese Language Services
S10702,0,0,0,23,Los Angeles,CA,90031,US,Guest Relations,Japanese Language Services
S04860,1987,7,21,28,San Jose,CA,95122,US,Extravaganzas,Extravaganzas
S09220,1985,7,16,30,San Jose,CA,95135,US,Extravaganzas,Extravaganzas
S02932,1982,3,29,34,Elk Grove,CA,95624,US,Extravaganzas,Extravaganzas
S03799,1990,10,23,25,Concord,CA,94519,US,Extravaganzas,Black and White Ball
S03012,1982,9,19,33,San Jose,CA,95128,US,Extravaganzas,Black and White Ball
S04832,0,0,0,30,San Jose,CA,95128,US,Extravaganzas,Black and White Ball
S08840,1989,5,12,27,Walnut Creek,CA,94595,US,Extravaganzas,Black and White Ball
S04829,1990,7,23,25,Walnut Creek,CA,94595,US,Extravaganzas,Black and White Ball
S10020,1982,6,24,33,Los Gatos,CA,95033,US,Extravaganzas,Black and White Ball
S09924,1991,6,29,24,Bay Point,CA,94565,US,Extravaganzas,Black and White Ball
S10522,1991,6,30,24,Hillsborough,CA,94010,US,Extravaganzas,Black and White Ball
S05562,0,0,0,37,Sunnyvale,CA,94086,US,Extravaganzas,Black and White Ball
S07474,1992,7,28,23,Hercules,CA,94547,US,Extravaganzas,Black and White Ball
S04833,0,0,0,28,Sacramento,CA,95826,US,Extravaganzas,Black and White Ball
S10284,1994,4,30,22,san jose,CA,95132,US,Extravaganzas,Black and White Ball
S10019,0,0,0,19,Sunnyvale,CA,94085,US,Extravaganzas,Black and White Ball
S06794,1993,4,26,23,San Jose,CA,95121,US,Extravaganzas,Black and White Ball
S10282,1994,9,25,21,san jose,CA,95132,US,Extravaganzas,Black and White Ball
S05563,1989,10,14,26,San Jose,CA,95111,US,Extravaganzas,Black and White Ball
S00919,1978,9,5,37,Los Angeles,CA,90014,US,Extravaganzas,Black and White Ball
S06779,0,0,0,27,Bremerton,WA,98310,US,Extravaganzas,Black and White Ball
S07533,1994,9,19,21,Monterey,CA,93940,US,Extravaganzas,Black and White Ball
S05500,1991,2,21,25,Millbrae,CA,94030,US,Extravaganzas,Black and White Ball
S09138,0,0,0,22,San Jose,CA,95139,US,Extravaganzas,Black and White Ball
S10100,0,0,0,24,San Jose,CA,95123,US,Extravaganzas,Black and White Ball
S04828,0,0,0,25,Sunnyvale,CA,94089,US,Extravaganzas,Black and White Ball
S06784,1989,7,9,26,Suisun,CA,94585,US,Extravaganzas,Black and White Ball
S09229,0,0,0,32,Davis,CA,95617,US,Extravaganzas,Black and White Ball
S02931,1974,2,15,42,ALISO VIEJO,CA,92656,US,Extravaganzas,Black and White Ball
S09650,1989,3,22,27,San Jose,CA,95123,US,Extravaganzas,Black and White Ball
S03798,1989,10,9,26,san jose,CA,95135,US,Extravaganzas,Black and White Ball
S06788,1990,5,3,26,San Jose,CA,95123,US,Extravaganzas,Black and White Ball
S05570,0,0,0,25,San Jose,CA,95110,US,Extravaganzas,Black and White Ball
S05572,1989,11,6,26,Sunnyvale,CA,94089,US,Extravaganzas,Black and White Ball
S09163,1994,1,17,22,san jose,CA,95135,US,Extravaganzas,Black and White Ball
S05614,1983,5,27,32,"Fairfield, CA",CA,94533,US,Extravaganzas,Black and White Ball
S10445,1995,9,21,20,San Jose,CA,95132,US,Extravaganzas,Black and White Ball
S05580,0,0,0,28,San Jose,CA,95121,US,Extravaganzas,Black and White Ball
S08875,1988,12,29,27,San Mateo,CA,94402,US,Extravaganzas,Black and White Ball
S09013,1994,8,12,21,Santa Cruz,CA,95060,US,Extravaganzas,Black and White Ball
S08318,0,0,0,25,San Francsico,CA,94130,US,Extravaganzas,Black and White Ball
S08320,0,0,0,23,San Jose,CA,95112,US,Extravaganzas,Black and White Ball
S08569,0,0,0,24,San Jose,CA,95131,US,Extravaganzas,Black and White Ball
S10711,1995,10,7,20,Richmond,CA,94804,US,Extravaganzas,Black and White Ball
S05560,0,0,0,34,San Francisco,CA,94107,US,Extravaganzas,Black and White Ball
S08345,1974,12,8,41,Redwood city,CA,94062,US,Extravaganzas,Masquerade
S00058,1987,4,16,29,san jose,CA,95148,US,Extravaganzas,Masquerade
S05553,1991,2,28,25,San Jose,CA,95128,US,Extravaganzas,Masquerade
S05204,1983,5,15,33,San Jose,CA,95127,US,Extravaganzas,Masquerade
S05177,0,0,0,31,studio city,CA,91604,US,Extravaganzas,Masquerade
S05631,0,0,0,3,Davis,CA,95618,US,Extravaganzas,Masquerade
S07906,0,0,0,44,Redwood City,CA,94062,US,Extravaganzas,Masquerade
S10728,0,0,0,26,Vallejo,CA,94589,US,Extravaganzas,Masquerade
S09335,1997,5,6,19,San Jose,CA,95127,US,Extravaganzas,Masquerade
S00560,1973,8,27,42,Irvine,CA,92620,US,Extravaganzas,Masquerade
S05564,1992,9,17,23,Walnut Creek,CA,94598,US,Extravaganzas,Masquerade
S10491,1994,9,19,21,Palo Alto,CA,94303,US,Extravaganzas,Masquerade
S10701,1992,12,28,23,San Jose,CA,95127,US,Extravaganzas,Masquerade
S10699,1995,8,23,20,San Jose,CA,95127,US,Extravaganzas,Masquerade
S00256,1987,5,11,29,San Jose,CA,95148,US,Extravaganzas,Masquerade
S10647,1986,8,3,29,Cool,CA,95614,US,Extravaganzas,Masquerade
S07683,0,0,0,24,San Jose,CA,95127,US,Extravaganzas,Masquerade
S07402,1988,2,2,28,San Jose,CA,95128,US,Extravaganzas,Maid Cafe
S07401,1995,6,24,20,Milpitas,CA,95035,US,Extravaganzas,Maid Cafe
S03753,1990,5,22,25,Lemoore,CA,93245,US,Extravaganzas,Maid Cafe
S08926,1989,5,24,26,Vallejo,CA,94591,US,Extravaganzas,Maid Cafe
S04717,1994,5,5,22,Foster City,CA,94404,US,Extravaganzas,Maid Cafe
S07407,1991,10,30,24,Auburn,CA,95603,US,Extravaganzas,Maid Cafe
S09793,0,0,0,27,Campbell,CA,95008,US,Extravaganzas,Maid Cafe
S08931,0,0,0,26,Union city,CA,94587,US,Extravaganzas,Maid Cafe
S08927,1992,4,25,24,Denver,CO,80218,US,Extravaganzas,Maid Cafe
S07403,1990,3,14,26,Daly City,CA,94015,US,Extravaganzas,Maid Cafe
S03990,1988,7,19,27,Sunnyvale,CA,94085,US,Extravaganzas,Maid Cafe
S07404,1984,3,11,32,Anaheim,CA,92804,US,Extravaganzas,Maid Cafe
S08958,0,0,0,27,Alameda,CA,94501,US,Extravaganzas,Maid Cafe
S00820,1987,5,3,29,San Jose,CA,95112,US,Extravaganzas,Chibitainment
S09232,1988,5,30,27,Berkeley,CA,94707,US,Extravaganzas,Chibitainment
S10464,1987,2,11,29,san jose,CA,95125,US,Extravaganzas,Chibitainment
S09742,1989,12,23,26,san jose,CA,95125,US,Extravaganzas,Chibitainment
S07410,1994,3,20,22,san jose,CA,95123,US,Extravaganzas,Chibitainment
S09743,1994,11,19,21,San Jose,CA,95122,US,Extravaganzas,Chibitainment
S10319,1985,2,7,31,Oakland,CA,94607,US,Extravaganzas,Chibitainment
S09739,0,0,0,31,San Jose,CA,95127,US,Extravaganzas,Chibitainment
S10318,1983,4,13,33,Oakland,CA,94607,US,Extravaganzas,Chibitainment
S07805,1994,7,7,21,Clovis,CA,93619,US,Extravaganzas,Thrift Shop
S09092,1995,10,27,20,Martinez,CA,94553,US,Extravaganzas,Thrift Shop
S09200,1993,8,19,22,Concord,CA,94519,US,Extravaganzas,Thrift Shop
S09762,1997,3,21,19,Clovis,CA,93611,US,Extravaganzas,Thrift Shop
S09723,1996,8,15,19,Fresno,CA,93722,US,Extravaganzas,Thrift Shop
S09737,1989,2,21,27,San Ramon,CA,94583,US,Extravaganzas,Thrift Shop
S09728,1996,5,18,20,Clovis,CA,93611,US,Extravaganzas,Thrift Shop
S10283,1994,8,7,21,Clovis,CA,93611,US,Extravaganzas,Thrift Shop
S09735,1990,4,26,26,San Ramon,CA,94583,US,Extravaganzas,Thrift Shop
S09763,1998,7,12,17,Fresno,CA,93727,US,Extravaganzas,Thrift Shop
S09733,1997,4,19,19,Clovis,CA,93611,US,Extravaganzas,Thrift Shop
S09736,1988,10,28,27,San Ramon,CA,94583,US,Extravaganzas,Thrift Shop
S08820,1995,11,24,20,Fresno,CA,93727,US,Extravaganzas,Thrift Shop
S10574,1989,5,1,27,Wausau,WI,54401,US,Extravaganzas,Thrift Shop
S09765,1995,1,29,21,Clovis,CA,93611,US,Extravaganzas,Thrift Shop
S10403,1995,9,9,20,FRESNO,CA,93720,US,Extravaganzas,Thrift Shop
S04744,1992,5,22,23,Sebastopol,CA,95472,US,Extravaganzas,Cosplay Gatherings
S08896,1990,5,12,26,San Francisco,CA,94115,US,Extravaganzas,Cosplay Gatherings
S10784,1993,2,26,23,San Jose,CA,95111,US,Extravaganzas,Cosplay Gatherings
S09948,1997,10,18,18,Fremont,CA,94539,US,Extravaganzas,Cosplay Gatherings
S06456,0,0,0,22,San Rafael,CA,94901,US,Extravaganzas,Cosplay Gatherings
S07664,1991,5,12,25,Vallejo,CA,94590,US,Extravaganzas,Cosplay Gatherings
S07898,1994,1,30,22,Vallejo,CA,94590,US,Extravaganzas,Cosplay Gatherings
S09973,1990,11,28,25,san jose,CA,95123,US,Extravaganzas,Cosplay Gatherings
S09859,0,0,0,20,Fremont,CA,94536,US,Extravaganzas,Cosplay Gatherings
S09970,1994,8,25,21,Fremont,CA,94536,US,Extravaganzas,Cosplay Gatherings
S09866,1996,12,28,19,Fremont,CA,94538,US,Extravaganzas,Cosplay Gatherings
S10783,1993,12,26,22,Fremont,CA,94539,US,Extravaganzas,Cosplay Gatherings
S09929,0,0,0,26,Campbell,CA,95008,US,Extravaganzas,Cosplay Gatherings
S10356,0,0,0,23,Santa Clara,CA,95050,US,Extravaganzas,Cosplay Gatherings
S05964,1989,8,2,26,Santa Rosa,CA,95409,US,Extravaganzas,Cosplay Gatherings
S09930,0,0,0,22,San Jose,CA,95111,US,Extravaganzas,Cosplay Gatherings
S09904,2009,3,7,7,Santa Rosa,CA,95407,US,Extravaganzas,Cosplay Gatherings
S10357,0,0,0,24,Santa clara,CA,95050,US,Extravaganzas,Cosplay Gatherings
S09875,0,0,0,19,Fremont,CA,94538,US,Extravaganzas,Cosplay Gatherings
S10355,0,0,0,23,San francisco,CA,94122,US,Extravaganzas,Cosplay Gatherings
S08895,1995,3,14,21,Mill Valley,CA,94941,US,Extravaganzas,Cosplay Gatherings
S00438,1987,3,6,29,Fremont,CA,94555,US,Operations,Operations
S00819,1978,10,9,37,Visalia,CA,93291,US,Operations,Operations
S03910,1990,1,11,26,Berkeley,CA,94703,US,Operations,ConOps
S03059,1992,2,7,24,Fremont,CA,94536,US,Operations,ConOps
S03745,1984,4,3,32,Hayward,CA,94541,US,Operations,ConOps
S04416,1984,4,20,32,Brisbane,CA,94005,US,Operations,ConOps
S05248,0,0,0,21,Milpitas,CA,95035,US,Operations,ConOps
S04100,1989,10,28,26,Escondido,CA,92029,US,Operations,ConOps
S04723,0,0,0,24,Temple City,CA,91780,US,Operations,ConOps
S04417,1988,6,15,27,San Jose,CA,95123,US,Operations,ConOps
S04888,1992,8,29,23,San Jose,CA,95148,US,Operations,ConOps
S04887,1992,1,20,24,San Jose,CA,95148,US,Operations,ConOps
S10733,1992,5,31,23,San Jose,CA,95123,US,Operations,ConOps
S04009,1994,12,10,21,Anaheim,CA,92802,US,Operations,ConOps
S07261,1994,1,25,22,Sacramento,CA,95824,US,Operations,ConOps
S07495,0,0,0,24,Fremont,CA,94555,US,Operations,ConOps
S00111,1972,12,19,43,santa clara,CA,95051,US,Operations,Infrastructure
S04819,0,0,0,33,San Jose,CA,95112,US,Operations,Infrastructure
S06462,0,0,0,25,San Leandro,CA,94579,US,Operations,Infrastructure
S01297,1988,5,20,28,Suisun City,CA,94585,US,Operations,Lost and Found
S04404,1985,1,6,31,Hayward,CA,94541,US,Operations,Lost and Found
S10542,1993,2,27,23,Martinez,CA,94553,US,Operations,Lost and Found
S10362,1990,8,28,25,Martinez,CA,94553,US,Operations,Lost and Found
S10715,1991,1,23,25,Everett,WA,98204,US,Operations,Lost and Found
S07426,1987,1,28,29,San Leandro,CA,94577,US,Operations,Lost and Found
S04589,0,0,0,25,San Jose,CA,95123,US,Operations,Tech
S07399,1990,7,25,25,Sunnyvale,CA,94086,US,Operations,Tech
S00104,1979,6,16,36,San Jose,CA,95113,US,Operations,Tech
S08143,1992,12,4,23,New York City,NY,10032,US,Operations,Tech
S04866,1988,8,11,27,Oakland,CA,94605,US,Operations,Tech
S08142,0,0,0,24,Milpitas,CA,95035,US,Operations,Tech
S10411,1992,10,30,23,Huntington Park,CA,90255,US,Operations,Tech
S10513,1994,1,29,22,Emeryville,CA,94608,US,Operations,Tech
S08207,1996,8,22,19,Sunnyvale,CA,94087,US,Operations,Tech
S02201,1949,1,19,67,San Jose,CA,95112,US,Operations,Tech
S10553,0,0,0,19,Fremont,CA,94555,US,Operations,Tech
S10108,1993,7,26,22,sanjose,CA,95111,US,Operations,Tech
S10295,1996,8,14,19,Sunnyvale,CA,94087,US,Operations,Tech
S10110,1992,2,9,24,Sunnyvale,CA,94086,US,Operations,Tech
S04469,1994,11,3,21,Fremont,CA,94555,US,Operations,Volunteers
S07091,1994,3,12,22,fremont,CA,94555,US,Operations,Volunteers
S07652,1994,1,2,22,fremont,CA,94538,US,Operations,Volunteers
S07651,1994,9,2,21,San Jose,CA,95133,US,Operations,Volunteers
S07801,0,0,0,22,San Jose,CA,95138,US,Operations,Volunteers
S07240,1995,4,13,21,San Jose,CA,95132,US,Operations,Volunteers
S10798,0,0,0,21,Fremont,CA,94536,US,Operations,Volunteers
S09380,0,0,0,27,Oakland,CA,94606,US,Operations,Volunteers
S09383,2000,1,14,16,Fremont,CA,94555,US,Operations,Volunteers
S09346,1993,4,10,23,Cupertino,CA,95014,US,Operations,Volunteers
S09386,1998,10,19,17,Fremont,CA,94555,US,Operations,Volunteers
S06965,1993,10,12,22,Fremont,CA,94555,US,Operations,Volunteers
S06966,1995,1,11,21,Fremont,CA,94536,US,Operations,Volunteers
S09381,1993,11,16,22,Pinole,CA,94564,US,Operations,Volunteers
S09382,1992,7,5,23,Vallejo,CA,94589,US,Operations,Volunteers
S10524,1995,1,16,21,Northridge,CA,91324,US,Operations,Volunteers
S06734,1995,1,17,21,Hayward,CA,94541,US,Operations,Volunteers
S09385,1994,5,14,22,San Jose,CA,95132,US,Operations,Volunteers
S10561,1993,1,26,23,Stockton,CA,95211,US,Operations,Volunteers
S09384,0,0,0,21,Stockton,CA,95210,US,Operations,Volunteers
S02965,0,0,0,25,san jose,CA,95148,US,Operations,Volunteers
S10649,1993,9,29,22,San jose,CA,95148,US,Operations,Volunteers
S00162,1985,12,18,30,San Jose,CA,95132,US,Operations,Volunteers
S04869,1966,1,26,50,san jose,CA,95126,US,Operations,Volunteers
S09134,1995,11,2,20,Fremont,CA,94536,US,Operations,Volunteers
S03077,1986,1,15,30,Pleasant Hill,CA,94523,US,Operations,Rovers
S03759,1989,8,25,26,Pleasant Hill,CA,94523,US,Operations,Rovers
S01851,1989,3,23,27,Union City,CA,94587,US,Operations,Rovers
S02316,1976,2,26,40,San Jose,CA,95124,US,Operations,Rovers
S01257,1988,4,6,28,Stockton,CA,95206,US,Operations,Rovers
S02172,1991,4,2,25,Hayward,CA,94544,US,Operations,Rovers
S07504,1993,4,12,23,Napa,CA,94558,US,Operations,Rovers
S06860,1956,10,29,59,san jose,CA,95112,US,Operations,Rovers
S06361,1959,9,30,56,san jose,CA,95112,US,Operations,Rovers
S09086,1969,6,10,46,San Jose,CA,95136,US,Operations,Rovers
S07001,0,0,0,25,Lafayette,CA,94549,US,Operations,Rovers
S10681,1992,4,20,24,San Jose,CA,95118,US,Operations,Rovers
S10563,0,0,0,21,Fremont,CA,94538,US,Operations,Rovers
S04919,1986,2,9,30,san jose,CA,95116,US,Operations,Rovers
S04605,1989,12,21,26,San Jose,CA,95127,US,Operations,Rovers
S08894,1993,2,15,23,Jacksonville,NC,28540,US,Operations,Rovers
S10626,1981,3,29,35,Clovis,CA,93612,US,Operations,Rovers
S10558,1997,4,22,19,Milpitas,CA,95035,US,Operations,Rovers
S10663,1989,5,12,27,Martinez,CA,94553,US,Operations,Rovers
S04940,1992,9,22,23,Daly city,CA,94015-3623,US,Operations,Rovers
S04951,1993,11,30,22,Hayward,CA,94545,US,Operations,Rovers
S07327,1994,3,22,22,Sacramento,CA,95823,US,Operations,Rovers
S10271,1998,4,15,18,San Jose,CA,95121,US,Operations,Rovers
S04993,1992,9,24,23,Millbrae,CA,94030,US,Operations,Rovers
S08739,0,0,0,21,San Jose,CA,95131,US,Operations,Rovers
S10640,1995,8,3,20,Vallejo,CA,94590,US,Operations,Rovers
S09203,0,0,0,25,San Jose,CA,95136,US,Operations,Rovers
S05142,1991,7,18,24,Atascadero,CA,93422,US,Operations,Rovers
S06083,1988,11,27,27,Atascadero,CA,93422,US,Operations,Rovers
S04037,1988,3,18,28,San Jose,CA,95148,US,Operations,Rovers
S09306,1992,7,27,23,El Sobrante,CA,94803,US,Operations,Rovers
S10079,1994,7,16,21,San jose,CA,95116,US,Operations,Rovers
S08980,1996,1,20,20,Pinole,CA,94564,US,Operations,Rovers
S05046,1993,6,13,22,San Jose,CA,95148,US,Operations,Rovers
S10644,1998,1,24,18,San Jose,CA,95132,US,Operations,Rovers
S10697,1986,5,15,30,San Leandro,CA,94578,US,Operations,Rovers
S08709,1984,4,6,32,San Mateo,CA,94403,US,Operations,Rovers
S06865,1991,5,29,24,Hayward,CA,94545,US,Operations,Rovers
S08713,0,0,0,19,Hayward,CA,94545,US,Operations,Rovers
S10272,1992,7,19,23,American Canyon,CA,94503,US,Operations,Rovers
S10694,1994,12,24,21,LONG BEACH,CA,90806,US,Operations,Rovers
S03720,0,0,0,24,stockton,CA,95203,US,Operations,Rovers
S07614,0,0,0,24,Atascadero,CA,93422,US,Operations,Rovers
S10269,0,0,0,25,San Jose,CA,95112,US,Operations,Rovers
S10463,1992,1,13,24,Pittsburg,CA,94565,US,Operations,Rovers
S04907,0,0,0,23,San Leandro,CA,94579,US,Operations,Rovers
S06399,1994,10,29,21,San Jose,CA,95122,US,Operations,Rovers
S06013,1989,10,29,26,Benicia,CA,94510,US,Operations,Rovers
S10173,0,0,0,28,San Francisco,CA,94112,US,Operations,Rovers
S09238,0,0,0,29,San Jose,CA,95113,US,Operations,Rovers
S10709,1993,7,12,22,Belmont,CA,94002,US,Operations,Rovers
S10270,0,0,0,18,San Jose,CA,95126,US,Operations,Rovers
S08764,1994,1,2,22,Castro Valley,CA,94546,US,Operations,Rovers
S06058,1990,6,19,25,Milpitas,CA,95035,US,Operations,Rovers
S06229,1991,5,30,24,Castro Valley,CA,94546,US,Operations,Rovers
S09272,1983,3,18,33,san francisco,CA,94132,US,Operations,Rovers
S10262,1997,11,3,18,Mountain House,CA,95391,US,Operations,Rovers
S07392,1991,2,13,25,Monterey,CA,939340,US,Operations,Rovers
S07393,1964,6,11,51,Monterey,CA,93940,US,Operations,Rovers
S06315,1989,4,8,27,Hayward,CA,94541,US,Operations,Rovers
S07391,1987,7,21,28,Seaside,CA,93955,US,Operations,Rovers
S04914,0,0,0,26,Turlock,CA,95382,US,Operations,Rovers
S04935,1992,1,10,24,San Jose,CA,95131,US,Operations,Rovers
S08712,1992,10,1,23,Hayward,CA,94545,US,Operations,Rovers
S02329,1988,1,18,28,San Francisco,CA,94122,US,Operations,Rovers
S10162,1995,12,30,20,San Jose,CA,95112,US,Operations,Rovers
S07186,0,0,0,23,San Jose,CA,95121,US,Operations,Rovers
S07518,0,0,0,25,American canyon,CA,94503,US,Operations,Rovers
S09204,0,0,0,21,El Sobrante,CA,94803,US,Operations,Rovers
S04952,1993,11,21,22,San Jose,CA,95126,US,Operations,Rovers
S04923,1988,11,23,27,San Jose,CA,95126,US,Operations,Rovers
S10170,1995,5,6,21,San Jose,CA,95112,US,Operations,Rovers
S08639,1993,2,22,23,San Jose,CA,95112,US,Operations,Rovers
S07212,1988,9,27,27,Turlock,CA,95382,US,Operations,Rovers
S07319,1994,10,17,21,Castro Valley,CA,94546,US,Operations,Rovers
S04938,1992,5,19,24,French Camp,CA,95231,US,Operations,Rovers
S07377,1994,10,29,21,Hayward,CA,94542,US,Operations,Rovers
S07324,1994,9,10,21,Fremont,CA,94538,US,Operations,Rovers
S06222,1991,4,5,25,Sacramento,CA,95831,US,Operations,Rovers
S04648,1992,6,3,23,san jose,CA,95133,US,Operations,Rovers
S00074,1983,8,11,32,San Jose,CA,95148,US,Operations,Rovers
S10802,1986,7,22,29,Millbrae,CA,94030,US,Operations,Rovers
S00852,1980,2,21,36,San Jose,CA,95148,US,Operations,Rovers
S06495,1993,1,4,23,Savannah,GA,31405,US,Operations,Rovers
S00242,1989,4,27,27,San Jose,CA,95122,US,Operations,Rovers
S08981,1993,9,26,22,Pinole,CA,94564,US,Operations,Rovers
S08740,1995,8,3,20,San Jose,CA,95116,US,Operations,Rovers
S07320,1994,3,7,22,Milpitas,CA,95035,US,Operations,Rovers
S00227,1980,4,1,36,San Francisco,CA,94127,US,Operations,Rovers
S07538,0,0,0,22,Galt,CA,95632,US,Operations,Rovers
S10654,0,0,0,23,Sunnyvale,CA,94085,US,Operations,Rovers
S10641,0,0,0,29,santa clara,CA,95050,US,Operations,Rovers
S07470,1994,5,19,22,Hayward,CA,94542,US,Operations,Rovers
S04913,1991,1,16,25,Hayward,CA,94541,US,Operations,Rovers
S10417,1996,5,29,19,hayward,CA,94541,US,Operations,Rovers
S10601,1995,11,5,20,San Francisco,CA,94109,US,Operations,Rovers
S05205,1970,7,27,45,benicia,CA,94510,US,Operations,Rovers
S06216,1994,5,28,21,Milpitas,CA,95035,US,Operations,Rovers
S01503,1987,11,26,28,Orland,CA,95963,US,Operations,Rovers
S06226,0,0,0,23,San Jose,CA,95131,US,Operations,Rovers
S03126,1987,9,4,28,Vallejo,CA,94590,US,Operations,Rovers
S04662,1985,10,28,30,Alameda,CA,94501,US,Operations,Rovers
S10231,1991,12,17,24,Morgan Hill,CA,95037,US,Operations,Rovers
S08734,1991,2,27,25,San Jose,CA,95112,US,Operations,Rovers
S07322,1995,10,18,20,Daly City,CA,94015,US,Operations,Rovers
S07199,1963,4,20,53,San Francisco,CA,94110,US,Operations,Rovers
S10265,1986,8,9,29,Colma,CA,94015,US,Operations,Rovers
S02761,1983,11,17,32,San Jose,CA,95112,US,Operations,Rovers
S06080,2000,12,12,15,Benicia,CA,94510,US,Operations,Rovers
S10748,0,0,0,21,san jose,CA,95111,US,Operations,Rovers
S02962,1990,4,9,26,San Jose,CA,95129,US,Operations,Rovers
S07613,1991,7,26,24,Atascadero,CA,93422,US,Operations,Rovers
S05745,1984,8,28,31,Fremont,CA,94555-2046,US,Operations,Rovers
S06503,1990,9,11,25,Union City,CA,94587,US,Operations,Rovers
S02757,1985,12,21,30,san jose,CA,95123,US,Operations,Rovers
S01642,1985,1,6,31,Concord,CA,94520,US,Operations,Troubleshooter
S00730,1986,5,8,30,Suisun City,CA,94585,US,Operations,Troubleshooter
S03284,1978,3,9,38,Suisun City,CA,94585,US,Operations,Troubleshooter
S02035,1988,11,9,27,Pleasant Hill,CA,94523,US,Operations,Troubleshooter
S09670,1987,8,17,28,South San Francisco,CA,94080,US,Human Resources,Human Resources
S00255,1980,7,17,35,Fremont,CA,94536,US,Human Resources,Human Resources
S01242,1989,1,28,27,Lahaina,HI,96761,US,Human Resources,Human Resources
S00275,1980,2,22,36,Fremont,CA,94536,US,Human Resources,Human Resources
S00494,1983,11,21,32,Sacramento,CA,95831,US,Human Resources,Human Resources
S00098,1983,5,17,33,San Francisco,CA,94122,US,Human Resources,Human Resources
S00149,1978,1,21,38,Milpitas,CA,95035,US,Human Resources,Human Resources
S04727,2011,11,20,4,Fremont,CA,94536,US,Human Resources,Human Resources
S09028,2014,12,16,1,Fremont,CA,94536,US,Human Resources,Human Resources
S00270,1977,1,21,39,Sacramento,CA,95831,US,Human Resources,Human Resources
S01397,1992,1,2,24,Sacramento,CA,95831,US,Human Resources,Human Resources
S09360,1982,10,22,33,San Francisco,CA,94121,US,Human Resources,Human Resources
S10760,0,0,0,4,Milpitas,CA,95035,US,Human Resources,Human Resources
S10761,0,0,0,2,Milpitas,CA,95035,US,Human Resources,Human Resources
S04012,0,0,0,42,Milpitas,CA,95035,US,Human Resources,Human Resources
S01142,1968,6,29,47,San Jose,CA,95131,US,Anime Resource Group,Anime Resource Group
S00093,1976,3,25,40,Antelope,CA,95843,US,Anime Resource Group,Repository
S00276,1988,11,13,27,Colma,CA,94014,US,Anime Resource Group,Facilities
S03430,1965,4,30,51,Van Nuys,CA,91406,US,Anime Resource Group,Facilities
S05148,1991,9,10,24,Santa Cruz,CA,95064,US,Anime Resource Group,Facilities
S07655,1984,6,27,31,San Jose,CA,95148,US,Anime Resource Group,Facilities
S09258,0,0,0,27,San Jose,CA,95112,US,Anime Resource Group,Facilities
S04165,1976,9,18,39,San Jose,CA,95134,US,Anime Resource Group,Facilities
S00089,1969,5,24,46,San Jose,CA,95130,US,Anime Resource Group,Access
S04372,1991,7,4,24,San Leandro,CA,94579,US,Anime Resource Group,Logistics
S00094,1979,2,7,37,San Jose,CA,95126,US,Anime Resource Group,Logistics
S08727,0,0,0,25,San Leandro,CA,94579,US,Anime Resource Group,Logistics
S08565,1995,2,19,21,San Leandro,CA,94579,US,Anime Resource Group,Logistics
S07165,1995,2,19,21,San Leandro,CA,94579,US,Anime Resource Group,Logistics
S03362,1987,11,14,28,El Sobrante,CA,94803,US,Anime Resource Group,Logistics
S09071,1989,12,13,26,San Francisco,CA,94133,US,Anime Resource Group,Logistics
S02268,1986,6,15,29,Morgan Hill,CA,95037,US,Anime Resource Group,Logistics
S00391,1963,4,26,53,San Jose,CA,95126,US,Anime Resource Group,Logistics
S00632,1957,9,15,58,San Jose,CA,95126,US,Anime Resource Group,Logistics
S10752,2014,7,9,1,San Jose,CA,95126,US,Anime Resource Group,Logistics
S07606,1996,2,15,20,Mountain View,CA,94043,US,Anime Resource Group,Logistics
S00577,1988,12,17,27,Hayward,CA,94545,US,Anime Resource Group,Logistics
S10504,1993,6,5,22,Castaic,CA,91384,US,Anime Resource Group,Logistics
S02281,1983,1,1,33,San Jose,CA,95124,US,Anime Resource Group,Logistics
S10365,0,0,0,24,San Lorenzo,CA,94580,US,Anime Resource Group,Logistics
S09117,0,0,0,37,Los Altos,CA,94022,US,Anime Resource Group,Logistics
S09992,1997,10,20,18,San Leandro,CA,94579,US,Anime Resource Group,Logistics
S00966,1986,3,23,30,San Jose,CA,95119,US,Anime Resource Group,Logistics
S02103,1984,12,5,31,San Jose,CA,95119,US,Anime Resource Group,Logistics
S00083,1957,12,14,58,Pflugerville,TX,78660,US,Anime Resource Group,Anime Resource Group
S04028,1981,11,2,34,Manhattan Beach,CA,90266,US,Anime Resource Group,Anime Resource Group
S10280,0,0,0,45,Los Gatos,CA,95032,US,Anime Resource Group,Anime Resource Group
S05677,1973,3,9,43,Pflugerville,TX,78660-5023,US,Anime Resource Group,Anime Resource Group
S10253,1998,11,19,17,Pflugerville,TX,78660,US,Anime Resource Group,Anime Resource Group
S08353,1993,4,24,23,Pfulgerville,TX,78660,US,Anime Resource Group,Anime Resource Group
S04069,1992,4,21,24,San Francisco,CA,94133,US,Anime Resource Group,Anime Resource Group
S04143,0,0,0,35,South San francisco,CA,94080,US,Anime Resource Group,Anime Resource Group
S09905,1990,7,13,25,Sacramento,CA,95842,US,Anime Resource Group,Anime Resource Group
S06445,1990,9,13,25,Sacramento,CA,95834,US,Anime Resource Group,Anime Resource Group
S06199,1990,5,31,25,San Francisco,CA,94122,US,Anime Resource Group,Anime Resource Group
S00063,1978,1,31,38,Davis,CA,95616,US,Anime Resource Group,Anime Resource Group
S10723,1997,9,6,18,San Fransisco,CA,94132,US,Anime Resource Group,Anime Resource Group
S10713,1989,11,1,26,San Francisco,CA,94122,US,Anime Resource Group,Anime Resource Group
S10712,1997,5,27,18,San jose,CA,95138,US,Anime Resource Group,Anime Resource Group
S04900,1991,12,26,24,Woodland,CA,95776,US,Anime Resource Group,Anime Resource Group
S03080,1986,5,12,30,West Sacramento,CA,95691,US,Anime Resource Group,Anime Resource Group
S00545,1974,8,30,41,San Lorenzo,CA,94580,US,Executive Staff,Clockwork Alchemy
S06118,1982,2,12,34,Castro Valley,CA,94552,US,Executive Staff,Clockwork Alchemy
S03632,1959,6,10,56,Santa Clara,CA,95050,US,Executive Staff,Clockwork Alchemy
S07626,1959,1,14,57,El Cerrito,CA,94530,US,Clockwork Alchemy,Western Martial Arts
S10799,0,0,0,50,el cerrito ca,CA,94530,US,Clockwork Alchemy,Western Martial Arts
S07772,1951,10,12,64,Marysville,CA,95901,US,Clockwork Alchemy,Western Martial Arts
S07629,1961,9,9,54,capitola,CA,95010,US,Clockwork Alchemy,Western Martial Arts
S04751,0,0,0,49,Richmond,CA,94803,US,Clockwork Alchemy,Western Martial Arts
S09218,1997,5,1,19,Marysville,CA,95901,US,Clockwork Alchemy,Western Martial Arts
S04753,0,0,0,56,Richmond,CA,94803,US,Clockwork Alchemy,Western Martial Arts
S07624,1974,11,12,41,Livermore,CA,94551,US,Clockwork Alchemy,Western Martial Arts
S06250,1980,5,29,35,El Sobrante,CA,94803,US,Clockwork Alchemy,Western Martial Arts
S08715,0,0,0,60,San Francisco,CA,94112,US,Clockwork Alchemy,Western Martial Arts
S07804,1996,6,9,19,Walnut Creek,CA,94596-5822,US,Clockwork Alchemy,Western Martial Arts
S07803,1961,12,14,54,Walnut Creek,CA,94596-5822,US,Clockwork Alchemy,Western Martial Arts
S05011,1984,1,4,32,Foster City,CA,94404,US,Clockwork Alchemy,Airship Racing
S09643,1963,11,13,52,Berkeley,CA,94705,US,Clockwork Alchemy,Clockwork Alchemy Panels
S05825,1966,6,1,49,Campbell,CA,95008,US,Clockwork Alchemy,Clockwork Alchemy Panels
S06313,1964,1,2,52,San Jose,CA,95132,US,Clockwork Alchemy,Clockwork Alchemy Panels
S10595,1958,1,18,58,Boulder Creek,CA,95006,US,Clockwork Alchemy,Clockwork Alchemy Panels
S09017,1963,10,30,52,San Jose,CA,95132,US,Clockwork Alchemy,Clockwork Alchemy Panels
S09667,0,0,0,20,San Jose,CA,95123,US,Clockwork Alchemy,Clockwork Alchemy Panels
S10418,1996,11,6,19,La Selva Beach,CA,95076,US,Clockwork Alchemy,Clockwork Alchemy Panels
S05629,0,0,0,61,Oakland,CA,94607,US,Clockwork Alchemy,Clockwork Alchemy Panels
S09015,1973,9,22,42,Newark,CA,94560,US,Clockwork Alchemy,Clockwork Alchemy Gaming
S05336,1990,7,23,25,Pacifica,CA,94044,US,Clockwork Alchemy,Clockwork Alchemy Gaming
S05032,1951,10,28,64,San Leandro,CA,94577,US,Clockwork Alchemy,Clockwork Alchemy Gaming
S09103,1968,8,1,47,Newark,CA,94560,US,Clockwork Alchemy,Clockwork Alchemy Gaming
S05258,1954,5,27,61,San Leandro,CA,94577,US,Clockwork Alchemy,Clockwork Alchemy Gaming
S05317,0,0,0,47,Santa Clara,CA,95050,US,Clockwork Alchemy,Clockwork Alchemy Registration
S10613,1997,6,8,18,Los Banos,CA,93635,US,Clockwork Alchemy,Clockwork Alchemy Registration
S07059,1983,8,2,32,Campbell,CA,95008,US,Clockwork Alchemy,Clockwork Alchemy Registration
S07807,0,0,0,43,Carmichael,CA,95608-1027,US,Clockwork Alchemy,Clockwork Alchemy Registration
S09201,1999,3,3,17,Los Banos,CA,93635,US,Clockwork Alchemy,Clockwork Alchemy Registration
S05896,1961,6,7,54,San Jose,CA,95148-3105,US,Clockwork Alchemy,Clockwork Alchemy Content
S04664,0,0,0,34,Berkeley,CA,94702,US,Clockwork Alchemy,Clockwork Alchemy Content
S10386,0,0,0,63,Felton,CA,95018,US,Clockwork Alchemy,Clockwork Alchemy Content
S07366,1963,2,26,53,VOLCANO,CA,95689-9737,US,Clockwork Alchemy,Clockwork Alchemy Creative
S07367,1987,3,21,29,Volcano,CA,95689,US,Clockwork Alchemy,Clockwork Alchemy Creative
S05269,0,0,0,47,San Lorenzo,CA,94580,US,Clockwork Alchemy,Clockwork Alchemy Tea Parlor
S10570,1996,10,31,19,Los Banos,CA,93635,US,Clockwork Alchemy,Clockwork Alchemy Tea Parlor
S10569,1996,9,9,19,Los Banos,CA,93635,US,Clockwork Alchemy,Clockwork Alchemy Tea Parlor
S05914,1964,10,3,51,San Rafael,CA,94903,US,Clockwork Alchemy,Clockwork Alchemy Tea Parlor
S09280,1963,2,9,53,Irvine,CA,92606,US,Clockwork Alchemy,Clockwork Alchemy Tea Parlor
S09249,1962,10,10,53,Irvine,CA,92606,US,Clockwork Alchemy,Clockwork Alchemy Tea Parlor
S09783,1971,11,4,44,Yorba linda,CA,92886,US,Clockwork Alchemy,Clockwork Alchemy Tea Parlor
S09016,1977,2,27,39,Elk Grove,CA,95624,US,Clockwork Alchemy,Clockwork Alchemy Tea Parlor
S10346,1993,10,13,22,Los Gatos,CA,95033,US,Clockwork Alchemy,Clockwork Alchemy Tea Parlor
S07980,1989,11,10,26,San Jose,CA,95124,US,Clockwork Alchemy,Clockwork Alchemy Tea Parlor
S09784,1965,4,7,51,Henderson,NV,89015,US,Clockwork Alchemy,Clockwork Alchemy Tea Parlor
S05895,0,0,0,45,San Jose,CA,95110,US,Clockwork Alchemy,Clockwork Alchemy Tea Parlor
S07775,1980,8,9,35,Carmichael,CA,95608,US,Clockwork Alchemy,Clockwork Alchemy Tea Parlor
S09217,2000,10,7,15,los banos,CA,93635,US,Clockwork Alchemy,Clockwork Alchemy Tea Parlor
S06551,0,0,0,35,Hayward,CA,94545,US,Clockwork Alchemy,Clockwork Alchemy Tea Parlor
S05287,1964,6,13,51,San Rafael,CA,94903,US,Clockwork Alchemy,Clockwork Alchemy Tea Parlor
S08437,1988,9,2,27,Nicasio,CA,94946,US,Clockwork Alchemy,Clockwork Alchemy Tech
S00059,1975,2,14,41,Santa Clara,CA,95051,US,Clockwork Alchemy,Clockwork Alchemy Tech
S00617,1964,12,22,51,Fresno,CA,93727-4155,US,Clockwork Alchemy,Clockwork Alchemy Tech
S07758,1983,2,3,33,Fremont,CA,94538,US,Clockwork Alchemy,Clockwork Alchemy Tech
S05082,1957,8,30,58,Citrus Heights,CA,95610,US,Clockwork Alchemy,Clockwork Alchemy Info Desk
S05117,1963,1,24,53,San Francisco,CA,94112-3225,US,Clockwork Alchemy,Clockwork Alchemy Info Desk
S09198,1979,12,31,36,San Jose,CA,95134,US,Clockwork Alchemy,Clockwork Alchemy Info Desk
S07353,1994,9,11,21,San Jose,CA,95128,US,Clockwork Alchemy,Clockwork Alchemy Info Desk
S09251,1994,9,27,21,Santa Cruz,CA,95060,US,Clockwork Alchemy,Clockwork Alchemy Info Desk
S09252,1997,1,10,19,Scotts Valley,CA,95066,US,Clockwork Alchemy,Clockwork Alchemy Info Desk
S04655,1962,7,26,53,San Jose,CA,95123,US,Clockwork Alchemy,Clockwork Alchemy Artist's Bazaar
S09597,0,0,0,60,Carmichael,CA,95608,US,Clockwork Alchemy,Clockwork Alchemy Artist's Bazaar
S04701,1982,3,7,34,Martinez,CA,94553,US,Clockwork Alchemy,Clockwork Alchemy Artist's Bazaar
S10627,1983,2,25,33,Santa Clara,CA,95050,US,Clockwork Alchemy,Clockwork Alchemy Artist's Bazaar
S05876,1982,5,25,33,San Mateo,CA,94403,US,Clockwork Alchemy,Clockwork Alchemy Artist's Bazaar
S10602,1989,10,12,26,San Jose,CA,95129,US,Clockwork Alchemy,Clockwork Alchemy Artist's Bazaar
S05171,1984,4,4,32,Martinez,CA,94553,US,Clockwork Alchemy,Clockwork Alchemy Artist's Bazaar
S08855,1993,8,16,22,Pittsburg Ca,CA,94565,US,Clockwork Alchemy,Clockwork Alchemy Artist's Bazaar
S10603,1990,1,18,26,San Jose,CA,95129,US,Clockwork Alchemy,Clockwork Alchemy Artist's Bazaar
S05291,0,0,0,40,Berkeley,CA,94709,US,Clockwork Alchemy,Clockwork Alchemy Artist's Bazaar
S08380,1979,5,7,37,Fresno,CA,93711,US,Clockwork Alchemy,Clockwork Alchemy Special Events
S05238,0,0,0,61,san leandro,CA,94577,US,Clockwork Alchemy,Clockwork Alchemy ConOps
S05271,1963,7,3,52,Oakley,CA,94561-3410,US,Clockwork Alchemy,Clockwork Alchemy ConOps
S07603,0,0,0,20,San Jose,CA,95123,US,Clockwork Alchemy,Clockwork Alchemy ConOps
S09208,1985,8,27,30,san francisco,CA,94109,US,Clockwork Alchemy,Clockwork Alchemy ConOps
S09161,0,0,0,19,San Jose,CA,95125,US,Clockwork Alchemy,Clockwork Alchemy ConOps
S10374,1970,8,14,45,Brentwood,CA,94513,US,Clockwork Alchemy,Clockwork Alchemy ConOps
S05938,1960,10,4,55,Oakley,CA,94561-3410,US,Clockwork Alchemy,Clockwork Alchemy ConOps
S08844,1992,3,11,24,Oakley,CA,94561,US,Clockwork Alchemy,Clockwork Alchemy ConOps
S04975,1985,9,16,30,Mountain View,CA,94041,US,Clockwork Alchemy,Clockwork Alchemy ConOps
S05319,1992,3,16,24,Torrance,CA,90505-2831,US,Clockwork Alchemy,Clockwork Alchemy ConOps
S04976,0,0,0,30,La Mesa,CA,91941,US,Clockwork Alchemy,Clockwork Alchemy ConOps
S10566,1986,4,30,30,"sunnyvale,",CA,94086,US,Clockwork Alchemy,Clockwork Alchemy ConOps
S06482,1983,9,22,32,Martinezs,CA,94377,US,Clockwork Alchemy,Clockwork Alchemy ConOps
S10375,1994,1,22,22,Sacramento,CA,95842,US,Clockwork Alchemy,Clockwork Alchemy ConOps
S10708,0,0,0,19,San Jose,CA,95136,US,Clockwork Alchemy,Clockwork Alchemy ConOps
S01498,1984,12,6,31,San Jose,CA,95148,US,Clockwork Alchemy,Bobbies
S03211,1984,5,20,32,San Jose,CA,95126,US,Clockwork Alchemy,Bobbies
S02071,1968,8,16,47,Castro Valley,CA,94546,US,Clockwork Alchemy,Bobbies
S03212,1983,3,5,33,San Jose,CA,95126,US,Clockwork Alchemy,Bobbies
S07742,1996,1,7,20,San Jose,CA,95123,US,Clockwork Alchemy,Bobbies
S05066,1966,5,28,49,Auburn,CA,95603,US,Clockwork Alchemy,Bobbies
S07227,1987,5,13,29,San Jose,CA,95120,US,Clockwork Alchemy,Bobbies
S05062,1993,7,5,22,San Lorenzo,CA,94580,US,Clockwork Alchemy,Bobbies
S09197,1969,1,21,47,San Francisco,CA,94112,US,Clockwork Alchemy,Bobbies
S09344,1958,5,1,58,San Jose,CA,95148-3105,US,Clockwork Alchemy,Bobbies
S07776,1990,3,26,26,Sonora,CA,95370,US,Clockwork Alchemy,Bobbies
S10404,1995,2,19,21,livermore,CA,94551,US,Clockwork Alchemy,Bobbies
S01630,1984,9,11,31,Livermore,CA,94550,US,Clockwork Alchemy,Bobbies
S10387,1995,4,28,21,San Jose,CA,95138,US,Clockwork Alchemy,Bobbies
S05067,1979,3,6,37,auburn,CA,95603,US,Clockwork Alchemy,Bobbies
S07293,1980,7,20,35,San Jose,CA,95126,US,Clockwork Alchemy,Bobbies
S07743,1994,12,29,21,San Jose,CA,95132,US,Clockwork Alchemy,Bobbies
S10385,1965,7,26,50,Oakland,CA,94619,US,Clockwork Alchemy,Bobbies
S04965,1983,9,22,32,Castro Valley,CA,94552,US,Clockwork Alchemy,Clockwork Alchemy Special Events
S05102,1973,9,30,42,Sonora,CA,95370,US,Clockwork Alchemy,Clockwork Alchemy Special Events
S04518,1965,7,13,50,Campbell,CA,95008,US,Clockwork Alchemy,Clockwork Alchemy Special Events
S07732,1975,1,10,41,Fremont,CA,94538,US,Clockwork Alchemy,Clockwork Alchemy Special Events
S08487,1986,5,26,29,CITRUS HEIGHTS,CA,95621,US,Clockwork Alchemy,Clockwork Alchemy Special Events
S08488,1993,11,10,22,Citrus Heights,CA,95621,US,Clockwork Alchemy,Clockwork Alchemy Special Events
S05031,1982,1,10,34,Oakland,CA,94610,US,Clockwork Alchemy,Clockwork Alchemy Special Events
S05167,1961,6,12,54,Sunnyvale,CA,94086,US,Clockwork Alchemy,Clockwork Alchemy Special Events
S06443,1984,11,27,31,Hathaway Pines,CA,95233,US,Clockwork Alchemy,Clockwork Alchemy Special Events
S05101,1971,3,8,45,Sonora,CA,95370,US,Clockwork Alchemy,Clockwork Alchemy Special Events
S08365,1997,1,6,19,Sonora,CA,95370,US,Clockwork Alchemy,Clockwork Alchemy Special Events
S07774,1976,8,3,39,Redwood City,CA,94061,US,Clockwork Alchemy,Clockwork Alchemy Special Events
S04963,1974,3,11,42,San Jose,CA,95128,US,Clockwork Alchemy,Clockwork Alchemy Web
S04508,1959,9,10,56,San Jose,CA,95123,US,Clockwork Alchemy,Clockwork Alchemy Logistics
S07384,1996,3,22,20,Gresham,OR,97030,US,Clockwork Alchemy,Clockwork Alchemy Logistics
S08873,1996,12,12,19,Campbell,CA,95008,US,Clockwork Alchemy,Clockwork Alchemy Logistics
S05140,1980,7,10,35,Martinez,CA,94553,US,Clockwork Alchemy,Clockwork Alchemy Logistics
S09179,0,0,0,34,San Francisco,CA,94110,US,Clockwork Alchemy,Clockwork Alchemy Logistics
S08539,1996,3,28,20,Campbell,CA,95008,US,Clockwork Alchemy,Clockwork Alchemy Logistics
S08530,0,0,0,20,Sunnyvale,CA,94086,US,Clockwork Alchemy,Clockwork Alchemy Logistics
S10334,1987,9,11,28,Danville,CA,94506,US,Clockwork Alchemy,Clockwork Alchemy Logistics
S10438,1996,9,16,19,Campbell,CA,95008,US,Clockwork Alchemy,Clockwork Alchemy Logistics
S10572,1972,6,11,43,Los Banos,CA,93635,US,Clockwork Alchemy,Clockwork Alchemy Logistics
S09039,1996,1,11,20,Campbell,CA,95008,US,Clockwork Alchemy,Clockwork Alchemy Logistics
S05014,0,0,0,100,San Francisco,CA,94105,US,Human Resources,Staff Housing
