Badge ID,BirthYear,BirthMonth,BirthDay,Age,City,State,Zip,Country,Division,Department,Year
S00685,1983,8,21,33,San Francisco,CA,94121,US,Anime Resource Group,Anime Resource Group,2017
S01895,1982,6,30,34,Irvine,CA,92618,US,Executive Staff,Executive Staff,2017
S00066,1985,8,30,31,Los Angeles,CA,90045,US,Executive Staff,Executive Staff,2017
S02172,1991,4,2,26,San Jose,CA,95133,US,Fan Services,Fan Services,2017
S00852,1980,2,21,37,San Jose,CA,95148,US,Fan Services,Fan Services,2017
S00011,1974,3,9,43,Cupertino,CA,95104,US,Fan Services,Artist Alley,2017
S01805,1972,8,26,44,San Jose,CA,95127,US,Fan Services,Artist Alley,2017
S06402,1993,11,26,23,San Jose,CA,95138,US,Fan Services,Artist Alley,2017
S02033,1976,6,18,40,Davis,CA,95618,US,Fan Services,Artist Alley,2017
S02034,1968,8,12,48,Davis,CA,95618-1422,US,Fan Services,Artist Alley,2017
S11044,0,0,0,45,San Jose,CA,95132,US,Fan Services,Artist Alley,2017
S08440,1996,6,2,20,San Jose,CA,95148,US,Fan Services,Artist Alley,2017
S10728,0,0,0,27,Vallejo,CA,94589,US,Fan Services,Artist Alley,2017
S11742,1999,9,14,17,San Jose,CA,95131,US,Fan Services,Artist Alley,2017
S11652,1993,5,8,24,San Jose,CA,95110,US,Fan Services,Artist Alley,2017
S10293,1977,11,12,39,Cupertino,CA,95014,US,Fan Services,Artist Alley,2017
S08354,1991,9,15,25,Pflugerville,TX,78660,US,Fan Services,Dealers Room,2017
S00380,1978,6,10,38,Castro Valley,CA,94546,US,Fan Services,Dealers Room,2017
S12149,1984,4,1,33,Mountain VIew,CA,94043,US,Fan Services,Dealers Room,2017
S12150,1982,9,9,34,Mountain View,CA,94043-3379,US,Fan Services,Dealers Room,2017
S09918,1993,11,4,23,Antioch,CA,94531,US,Fan Services,Dealers Room,2017
S12111,1988,9,4,28,Saratoga,CA,95070,US,Fan Services,Dealers Room,2017
S00069,1982,10,12,34,mtn ranch,CA,95246,US,Fan Services,Dealers Room,2017
S07668,1988,10,20,28,San Jose,CA,95124,US,Fan Services,Dealers Room,2017
S09932,1998,1,6,19,San Jose,CA,95124,US,Fan Services,Dealers Room,2017
S08436,1996,1,21,21,San Jose,CA,95148,US,Fan Services,Dealers Room,2017
S11677,1998,12,20,18,San Jose,CA,95132,US,Fan Services,Dealers Room,2017
S11341,1996,11,14,20,Norton,TX,76865,US,Fan Services,Dealers Room,2017
S00771,1978,10,21,38,san jose,CA,95117,US,Fan Services,Dealers Room,2017
S11999,1995,10,3,21,Sunnyvale,CA,94086,US,Fan Services,Dealers Room,2017
S00163,1982,6,20,34,San Leandro,CA,94577,US,Fan Services,Dealers Room,2017
S07062,1996,1,22,21,Antioch,CA,94531,US,Fan Services,Fan Storage,2017
S10303,0,0,0,23,Newark,CA,94560,US,Fan Services,Fan Storage,2017
S10298,1995,8,22,21,Union City,CA,94587,US,Fan Services,Fan Storage,2017
S10321,1999,6,24,17,Milpitas,CA,95035,US,Fan Services,Fan Storage,2017
S10300,1995,6,1,21,Union City,CA,94587,US,Fan Services,Fan Storage,2017
S11831,1994,2,26,23,Union city,CA,94587,US,Fan Services,Fan Storage,2017
S11784,0,0,0,19,Newark,CA,94560,US,Fan Services,Fan Storage,2017
S10323,1994,4,14,23,Union City,CA,94587,US,Fan Services,Fan Storage,2017
S10638,1994,3,3,23,San Jose,CA,95132,US,Fan Services,Fan Storage,2017
S11686,1992,6,20,24,Santa Clarita,CA,91390,US,Fan Services,Fan Storage,2017
S08950,1993,8,28,23,Union City,CA,94587,US,Fan Services,Fan Storage,2017
S11808,1999,6,22,17,Milpitas,CA,95035,US,Fan Services,Fan Storage,2017
S11678,1999,3,4,18,Milpitas,CA,95035,US,Fan Services,Fan Storage,2017
S11681,0,0,0,20,SAN FRANCISCO,CA,94112,US,Fan Services,Fan Storage,2017
S11992,1994,3,2,23,San Jose,CA,95127,US,Fan Services,Fan Storage,2017
S11777,1995,5,25,21,CA,CA,95132-1102,US,Fan Services,Fan Storage,2017
S11680,1996,9,24,20,San Francisco,CA,94112,US,Fan Services,Fan Storage,2017
S11785,1994,1,18,23,San Leandro,CA,94577,US,Fan Services,Fan Storage,2017
S10301,1996,3,30,21,Union City,CA,94587,US,Fan Services,Fan Storage,2017
S11906,1998,9,4,18,Union City,CA,94587,US,Fan Services,Fan Storage,2017
S00646,1989,8,18,27,San Jose,CA,95138-1528,US,Fan Services,Registration,2017
S02397,1991,8,16,25,San Jose,CA,95111,US,Fan Services,Registration,2017
S07449,1993,11,4,23,Boulder Creek,CA,95006,US,Fan Services,Registration,2017
S07876,1988,1,22,29,San Francisco,CA,94131,US,Fan Services,Registration,2017
S04750,1983,2,19,34,San Mateo,CA,94402,US,Fan Services,Registration,2017
S01781,1994,6,3,22,Antioch,CA,94509,US,Fan Services,Registration,2017
S06477,1991,10,7,25,Patterson,CA,95363,US,Fan Services,Registration,2017
S06028,1998,6,24,18,Palo Alto,CA,94301,US,Fan Services,Registration,2017
S11347,1984,8,22,32,San Francisco,CA,94122,US,Fan Services,Registration,2017
S11840,1985,4,20,32,kelseyville,CA,95451,US,Fan Services,Registration,2017
S06970,1984,6,13,32,San Jose,CA,95116,US,Fan Services,Registration,2017
S06025,1995,10,9,21,San Jose,CA,95148,US,Fan Services,Registration,2017
S00065,1985,2,28,32,Milpitas,CA,95035,US,Fan Services,Registration,2017
S11182,1993,10,8,23,Castroville,CA,95012,US,Fan Services,Registration,2017
S11625,0,0,0,16,San Jose,CA,95131,US,Fan Services,Registration,2017
S09915,1992,8,14,24,San Jose,CA,95122,US,Fan Services,Registration,2017
S06257,1994,11,9,22,Fremont,CA,94555,US,Fan Services,Registration,2017
S06258,1992,11,20,24,San Francisco,CA,94107,US,Fan Services,Registration,2017
S03784,1993,7,24,23,Mountain View,CA,94043,US,Fan Services,Registration,2017
S07877,1994,9,20,22,san jose,CA,95124,US,Fan Services,Registration,2017
S12179,0,0,0,45,Saratoga,CA,95070,US,Fan Services,Registration,2017
S11841,1999,12,20,17,San Jose,CA,95131,US,Fan Services,Registration,2017
S12180,1976,10,5,40,San Jose,CA,95117,US,Fan Services,Registration,2017
S11627,1994,10,21,22,San Francisco,CA,94124,US,Fan Services,Registration,2017
S07687,0,0,0,22,San Francisco,CA,94133,US,Fan Services,Registration,2017
S07872,1993,6,23,23,San Francisco,CA,94112,US,Fan Services,Registration,2017
S12001,1998,5,18,19,Yuba City,CA,95991,US,Fan Services,Registration,2017
S06026,1991,11,13,25,stockton,CA,05206,US,Fan Services,Registration,2017
S03718,1991,8,30,25,Corte Madera,CA,94925,US,Fan Services,Registration,2017
S03074,1992,10,10,24,San Jose,CA,95148,US,Fan Services,Registration,2017
S06188,0,0,0,25,Daly City,CA,94015,US,Fan Services,Registration,2017
S07910,1983,5,5,34,San Jose,CA,95116,US,Fan Services,Registration,2017
S06967,1996,12,27,20,San Jose,CA,95132,US,Fan Services,Registration,2017
S00162,1985,12,18,31,San Jose,CA,95132,US,Fan Services,Registration,2017
S09914,1993,8,12,23,San Jose,CA,95138,US,Fan Services,Registration,2017
S09040,1985,5,13,32,San Jose,CA,95131,US,Fan Services,Registration,2017
S05849,1993,11,3,23,San Jose,CA,95112,US,Fan Services,Registration,2017
S11151,1994,11,7,22,San Jose,CA,95111,US,Fan Services,Registration,2017
S10936,1994,8,24,22,San Jose,CA,95116,US,Fan Services,Registration,2017
S06968,1992,1,22,25,Woodland,CA,95695,US,Fan Services,Registration,2017
S07450,1996,2,12,21,san jose,CA,95119,US,Fan Services,Registration,2017
S06023,1988,12,4,28,San Francisco,CA,94134,US,Fan Services,Registration,2017
S10575,1977,5,17,40,Santa Clara,CA,95050,US,Fan Services,Registration,2017
S11991,2001,2,19,16,Union City,CA,94587,US,Fan Services,Registration,2017
S10648,1990,12,31,26,Sunnyvale,CA,94089,US,Fan Services,Registration,2017
S01348,1986,7,20,30,San Jose,CA,95130,US,Fan Services,Swap Meet,2017
S11897,0,0,0,21,Sacramento,CA,95814,US,Fan Services,Swap Meet,2017
S06356,1988,6,21,28,San Rafael,CA,94903,US,Fan Services,Swap Meet,2017
S03992,1990,1,31,27,Burlingame,CA,94010,US,Fan Services,Swap Meet,2017
S11898,1985,10,10,31,Danville,CA,94526,US,Fan Services,Swap Meet,2017
S02965,0,0,0,26,san jose,CA,95148,US,Fan Services,Swap Meet,2017
S11949,0,0,0,29,San Jose,CA,95132,US,Fan Services,Swap Meet,2017
S00023,1985,1,14,32,Hayward,CA,94544,US,Communications,Communications,2017
S01576,1990,4,8,27,Danville,CA,94506,US,Communications,Communications,2017
S00165,1983,6,26,33,Sacramento,CA,95825,US,Communications,Communications,2017
S09837,1983,3,1,34,San Jose,CA,95132,US,Communications,Creative Services,2017
S00202,1986,6,20,30,San Jose,CA,95148,US,Communications,Creative Services,2017
S04583,1988,6,8,28,Cupertino,CA,95014,US,Communications,Artist Pool,2017
S08833,0,0,0,34,Laguna Niguel,CA,92677,US,Communications,Artist Pool,2017
S09141,1989,1,13,28,Los Angeles,CA,90004,US,Communications,Artist Pool,2017
S01149,1985,8,19,31,Loveland,CO,80537,US,Communications,Artist Pool,2017
S01150,1983,4,12,34,Turlock,CA,95382,US,Communications,Artist Pool,2017
S08989,0,0,0,33,SAN JOSE,CA,95112,US,Communications,Artist Pool,2017
S05936,1984,10,8,32,San Jose,CA,95112,US,Communications,Artist Pool,2017
S11294,1982,4,9,35,PLANO,TX,75075-1744,US,Communications,Artist Pool,2017
S00774,1987,2,21,30,san Jose,CA,95125,US,Communications,Design,2017
S07762,1990,10,6,26,Diamond Springs,CA,95619,US,Communications,Design,2017
S07349,1980,12,28,36,Denver,CO,80247,US,Communications,Design,2017
S07761,1991,8,2,25,Carmichael,CA,95608,US,Communications,Design,2017
S08983,0,0,0,25,carmichael,CA,95608,US,Communications,Design,2017
S00809,1982,12,16,34,burlingame,CA,94010,US,Communications,Design,2017
S02572,1987,5,21,30,San Jose,CA,95132,US,Communications,Marketing,2017
S00251,1981,10,17,35,Cerritos,CA,90703,US,Anime Resource Group,Anime Resource Group,2017
S00594,1982,9,5,34,San Leandro,CA,94579,US,Communications,Photography,2017
S05945,1990,3,23,27,Placerville,CA,95667,US,Communications,Photography,2017
S11835,1996,11,2,20,Toronto,XX,L4J2W5,CA,Communications,Photography,2017
S12042,0,0,0,30,Cherry Hill,NJ,08003,US,Communications,Photography,2017
S12017,1993,10,29,23,Dublin,CA,94568,US,Communications,Photography,2017
S10498,1992,12,25,24,San Jose,CA,95111,US,Communications,Photography,2017
S00036,1987,5,20,30,San Jose,CA,95122,US,Communications,Photography,2017
S06318,1987,9,21,29,San Jose,CA,95148,US,Communications,Photography,2017
S07830,1987,7,30,29,San Jose,CA,95112,US,Communications,Photography,2017
S00247,1985,4,18,32,Fremont,CA,94555,US,Communications,Photography,2017
S10666,1989,3,27,28,San jose,CA,95123,US,Communications,Photography,2017
S00024,1986,8,22,30,Berkeley,CA,94709,US,Operations,ConOps,2017
S00141,1990,9,1,26,San Jose,CA,95111,US,Communications,Professional Registration,2017
S02273,1954,6,13,62,Concord,CA,94519,US,Communications,Professional Registration,2017
S01314,1969,1,5,48,Atascadero,CA,93422,US,Communications,Professional Registration,2017
S00544,1986,9,18,30,San Jose,CA,95148,US,Communications,Professional Registration,2017
S06163,1985,7,9,31,San Diego,CA,92122,US,Communications,Mobile App,2017
S00381,1979,12,28,37,Sunnyvale,CA,94086,US,Programming,Game Show,2017
S00221,1986,4,15,31,"Mountain House, CA",CA,95391,US,Communications,Charity,2017
S01029,1986,10,17,30,Sunnyvale,CA,94087,US,Communications,Charity,2017
S11885,1996,12,29,20,Dunnigan,CA,95937,US,Communications,Charity,2017
S07733,1995,4,19,22,San Lorenzo,CA,94580,US,Communications,Charity,2017
S03591,1977,12,28,39,Sacramento,CA,95822,US,Communications,Charity,2017
S03479,1979,4,19,38,Sacramento,CA,95822,US,Communications,Charity,2017
S04121,1996,8,2,20,Sacramento,CA,95822,US,Communications,Charity,2017
S06309,1999,12,9,17,Sacramento,CA,95822,US,Communications,Charity,2017
S09009,1994,7,9,22,Sacrament,CA,95819,US,Communications,Charity,2017
S11886,1998,5,1,19,Sacramento,CA,95820,US,Communications,Charity,2017
S06411,1989,5,4,28,San Jose,CA,95120,US,Communications,Charity,2017
S09010,1997,4,29,20,Sacramento,CA,95831,US,Communications,Charity,2017
S10616,1993,8,20,23,Sacramento,CA,95817,US,Communications,Charity,2017
S07768,1993,4,23,24,Los Angeles,CA,90006,US,Communications,Charity,2017
S11956,1984,9,14,32,Gardena,CA,90249,US,Communications,Charity,2017
S04379,1992,9,29,24,Richmond,CA,94805,US,Communications,Publications,2017
S05544,1989,6,10,27,Foster City,CA,94404,US,Communications,Print,2017
S07358,1990,9,28,26,San Luis Obispo,CA,93401,US,Communications,Web Team,2017
S01925,1989,11,12,27,San Jose,CA,95148,US,Communications,Publications,2017
S11750,1994,10,20,22,San Jose,CA,95129,US,Communications,Publications,2017
S11965,0,0,0,25,Milpitas,CA,95035,US,Communications,Publications,2017
S04631,1987,8,5,29,Tustin,CA,92780,US,Communications,Content,2017
S12130,0,0,0,24,Concord,CA,94518,US,Communications,Content,2017
S12124,1996,10,21,20,Cupertino,CA,95014,US,Communications,Content,2017
S11014,1987,7,12,29,Marina,CA,93933,US,Communications,Content,2017
S04806,1991,9,7,25,Fremont,CA,94539,US,Communications,Environmental Branding,2017
S07032,1995,5,9,22,Daly City,CA,94014,US,Communications,Environmental Branding,2017
S11811,1994,11,12,22,Stockton,CA,95219,US,Communications,Environmental Branding,2017
S08396,1995,5,15,22,San Francisco,CA,94112,US,Communications,Environmental Branding,2017
S12152,1996,4,26,21,San Jose,CA,95123,US,Communications,Environmental Branding,2017
S10619,1998,4,15,19,Milpitas,CA,95035,US,Communications,Environmental Branding,2017
S10652,1995,8,4,21,Elk Grove,CA,95624,US,Communications,Environmental Branding,2017
S10373,0,0,0,29,dublin,CA,94568,US,Communications,Environmental Branding,2017
S10410,0,0,0,17,Milpitas,CA,95035,US,Communications,Environmental Branding,2017
S09921,1994,8,16,22,Merced,CA,95348,US,Communications,Environmental Branding,2017
S11335,1995,11,22,21,Merced,CA,95348,US,Communications,Environmental Branding,2017
S02566,1990,2,22,27,Long Beach,CA,90806,US,Communications,Print,2017
S07290,1983,10,1,33,San Francisco,CA,94132,US,Communications,Print,2017
S09772,2001,4,11,16,Menlo Park,CA,94025,US,Communications,Print,2017
S07421,1995,2,15,22,Chico,CA,95926,US,Communications,Print,2017
S09907,1990,12,23,26,Santa Cruz,CA,95062,US,Communications,Print,2017
S11451,1994,9,2,22,Corona,CA,92879,US,Communications,Print,2017
S11108,2000,3,27,17,MENLO PARK,CA,94025,US,Communications,Print,2017
S07459,1996,10,26,20,Foster City,CA,94404,US,Communications,Print,2017
S12084,1992,9,6,24,San Jose,CA,95122,US,Communications,Print,2017
S11527,2000,3,7,17,San Jose,CA,95121,US,Communications,Signage,2017
S11560,1992,2,15,25,Oakland,CA,94619,US,Communications,Signage,2017
S11317,1987,3,25,30,Olivehurst,CA,95961,US,Communications,Signage,2017
S12184,1992,12,20,24,Cupertino,CA,95014,US,Communications,Signage,2017
S00494,1983,11,21,33,Sacramento,CA,95831,US,Human Resources,Human Resources,2017
S07031,1994,10,19,22,Corona,CA,92882,US,Communications,Signage,2017
S10731,1992,7,10,24,Sacramento,CA,95828,US,Communications,Signage,2017
S12003,1995,12,15,21,San Jose,CA,95118,US,Communications,Signage,2017
S06547,1990,12,28,26,Austin,TX,78717,US,Communications,Signage,2017
S11257,1994,3,25,23,Milpitas,CA,95035,US,Communications,Web Team,2017
S09919,1992,8,18,24,CALABASAS,CA,91302,US,Guest Relations,Hospitality,2017
S00710,1975,8,13,41,Santa Clara,CA,95051,US,Programming,Programming,2017
S08193,0,0,0,39,Panorama City,CA,91402,US,Programming,Programming,2017
S03494,1990,7,28,26,San Jose,CA,95127,US,Programming,Programming,2017
S04402,1970,6,13,46,Pittsburg,CA,94565,US,Programming,Programming,2017
S09751,0,0,0,35,Redwood City,CA,94064,US,Programming,Programming,2017
S03830,1981,10,31,35,San Jose,CA,95133,US,Programming,Manga Lounge,2017
S01270,1986,8,22,30,Campbell,CA,95008,US,Programming,Programming,2017
S02434,1973,7,29,43,Fremont,CA,94555,US,Programming,Dance,2017
S06497,1994,11,13,22,American Canyon,CA,94503,US,Programming,Dance,2017
S08007,1991,4,21,26,Foster City,CA,94404,US,Programming,Dance,2017
S05197,1991,6,28,25,Clovis,CA,93611,US,Programming,Dance,2017
S10661,1989,6,28,27,San jose,CA,95122,US,Programming,Dance,2017
S10969,1998,4,5,19,Elk Grove,CA,95624,US,Programming,Dance,2017
S04412,1990,3,14,27,Sunnyvale,CA,94087,US,Programming,Dance,2017
S02169,1990,10,14,26,Carson,CA,90745,US,Programming,Dance,2017
S06696,1990,1,14,27,San Ramon,CA,94583,US,Programming,Dance,2017
S06650,1987,12,2,29,El Monte,CA,91732,US,Programming,Dance,2017
S06202,1991,5,8,26,San Jose,CA,95148,US,Programming,Dance,2017
S05184,1983,7,11,33,Villa Park,CA,92861,US,Programming,Dance,2017
S12131,1989,4,5,28,Santa Clara,CA,95051,US,Programming,Dance,2017
S11426,1999,8,28,17,Elk Grove,CA,95624,US,Programming,Dance,2017
S06701,0,0,0,25,Oakland,CA,94602,US,Programming,Dance,2017
S03937,1992,10,4,24,Sacramento,CA,95831,US,Programming,Dance,2017
S10096,1991,12,24,25,Gilroy,CA,95020,US,Programming,Dance,2017
S01346,1976,10,30,40,San Jose,CA,95130,US,Programming,Dance,2017
S12099,1973,10,22,43,san jose,CA,95110,US,Programming,Dance,2017
S11425,0,0,0,21,Sacramento,CA,95860,US,Programming,Dance,2017
S11778,1992,3,20,25,San Jose,CA,95123,US,Programming,Dance,2017
S12115,1988,9,27,28,Dublin,CA,94568,US,Programming,Dance,2017
S10663,1989,5,12,28,Martinez,CA,94553,US,Programming,Dance,2017
S12126,1982,6,3,34,Milpitas,CA,95035,US,Programming,Dance,2017
S10670,1991,5,1,26,Tulare,CA,93274,US,Programming,Dance,2017
S11516,1991,5,12,26,San jose,CA,95113,US,Programming,Dance,2017
S10392,1993,4,17,24,Tulare,CA,93274,US,Programming,Dance,2017
S08118,1991,8,17,25,Sunnyvale,CA,94087,US,Programming,Dance,2017
S12118,1992,10,21,24,Santa Clara,CA,95050,US,Programming,Dance,2017
S07880,1975,10,18,41,Oakland,CA,94611,US,Programming,Dance,2017
S11427,1995,8,28,21,Sacramento,CA,95838,US,Programming,Dance,2017
S12116,1988,8,26,28,Dublin,CA,94568,US,Programming,Dance,2017
S10506,1990,4,5,27,Norwalk,CA,90650,US,Programming,Dance,2017
S12103,2017,5,21,0,San Jose,CA,95126,US,Programming,Dance,2017
S08717,0,0,0,26,Palo Alto,CA,94303,US,Programming,Dance,2017
S11110,1995,1,24,22,San Rafael,CA,94901,US,Programming,Dance,2017
S11497,0,0,0,49,Elk Grove,CA,95624,US,Programming,Dance,2017
S11498,0,0,0,48,Elk Grove,CA,95624,US,Programming,Dance,2017
S10577,1995,11,24,21,Irvine,CA,92620,US,Programming,Dance,2017
S11622,0,0,0,25,Missioin Viejo,CA,92692,US,Programming,Dance,2017
S12117,1985,8,5,31,Sunnyvale,CA,94085,US,Programming,Dance,2017
S03996,1986,9,30,30,SANTA CLARA,CA,95050,US,Programming,Dance,2017
S10397,1993,11,21,23,Visalia,CA,93292,US,Programming,Dance,2017
S08280,1996,7,2,20,San Jose,CA,95123,US,Programming,Dance,2017
S11786,1995,3,29,22,San Jose,CA,95122,US,Programming,Dance,2017
S04271,1988,6,14,28,Pleasanton,CA,94566,US,Programming,Dance,2017
S12164,1993,8,6,23,San Jose,CA,95132,US,Programming,Dance,2017
S06725,1990,7,31,26,Carson,CA,90746,US,Programming,Dance,2017
S11433,1990,5,28,26,Carson,CA,90745,US,Programming,Dance,2017
S09731,1984,12,8,32,San Jose,CA,95112,US,Programming,Dance,2017
S11723,1992,12,14,24,San Diego,CA,92154,US,Programming,Dance,2017
S10094,1991,6,26,25,SAN JOSE,CA,95122,US,Programming,Dance,2017
S10597,1985,9,5,31,los angeles,CA,90034,US,Programming,Dance,2017
S11624,1990,6,18,26,Burbank,CA,91504,US,Programming,Dance,2017
S11449,1986,6,19,30,Omaha,NE,68122,US,Programming,Dance,2017
S02984,1993,5,18,24,San Jose,CA,95121,US,Programming,Dance,2017
S09049,1994,1,23,23,Sacramento,CA,95823,US,Programming,Dance,2017
S09801,1996,9,24,20,Sacramento,CA,95823,US,Programming,Dance,2017
S08058,1995,4,1,22,San Jose,CA,95111,US,Programming,Dance,2017
S10391,1994,10,20,22,tulare,CA,93274,US,Programming,Dance,2017
S11969,1990,10,1,26,San Jose,CA,95112,US,Programming,Dance,2017
S11973,1988,4,17,29,Stockton,CA,95212,US,Programming,Dance,2017
S11787,1995,9,4,21,San Jose,CA,95122,US,Programming,Dance,2017
S10102,1992,1,21,25,San Jose,CA,95122,US,Programming,Dance,2017
S12098,1984,6,6,32,San Jose,CA,95110,US,Programming,Dance,2017
S02395,1981,1,17,36,San Francisco,CA,94118,US,Programming,Dance,2017
S11623,1990,3,3,27,San Francisco,CA,94122,US,Programming,Dance,2017
S06087,1989,3,31,28,La Mesa,CA,91942,US,Programming,Game Show,2017
S03533,1985,7,27,31,Sunnyvale,CA,94086,US,Programming,Game Show,2017
S06088,0,0,0,27,Sunnyvale,CA,94086,US,Programming,Game Show,2017
S04889,1983,12,19,33,Foster City,CA,94404,US,Programming,Games,2017
S10567,0,0,0,31,San Francisco,CA,94122,US,Programming,Games,2017
S10294,0,0,0,28,Daly City,CA,94014,US,Programming,Games,2017
S11858,0,0,0,28,san francisco,CA,94116,US,Programming,Games,2017
S03988,1990,3,21,27,Sunnyvale,CA,94087,US,Programming,Tabletop Gaming,2017
S06291,1987,9,29,29,Portland,OR,97229,US,Programming,Tabletop Gaming,2017
S10527,1997,5,24,19,Mountain View,CA,94040,US,Programming,E-gaming,2017
S12189,1983,4,25,34,San Francisco,CA,94116,US,Programming,E-gaming,2017
S06155,1987,10,20,29,Fairfield,CA,94534,US,Programming,E-gaming,2017
S10409,1995,5,21,22,Richmond,CA,94804,US,Programming,E-gaming,2017
S03811,1989,6,1,27,San Jose,CA,95121,US,Programming,E-gaming,2017
S03320,1980,7,8,36,Fremont,CA,94536,US,Programming,E-gaming,2017
S09079,1990,1,5,27,Vallejo,CA,94590,US,Programming,E-gaming,2017
S11641,1992,5,28,24,Rancho Cordova,CA,95670,US,Programming,E-gaming,2017
S10378,1990,9,22,26,ELK GROVE,CA,95624,US,Programming,E-gaming,2017
S11881,1996,9,11,20,Los Osos,CA,93402,US,Programming,E-gaming,2017
S11649,1997,10,28,19,roseville,CA,95747,US,Programming,E-gaming,2017
S12156,1997,11,4,19,Hawthorne,CA,90250,US,Programming,E-gaming,2017
S11930,0,0,0,20,Los Altos,CA,94022,US,Programming,E-gaming,2017
S12194,0,0,0,20,Mountain View,CA,94040,US,Programming,E-gaming,2017
S10441,0,0,0,21,Ridgecrest,CA,93555,US,Programming,E-gaming,2017
S12096,0,0,0,22,Elk Grove,CA,95624,US,Programming,E-gaming,2017
S10451,1993,6,16,23,Sacramento,CA,95829,US,Programming,E-gaming,2017
S09021,1993,2,19,24,Redding,CA,96001,US,Programming,E-gaming,2017
S09055,1996,6,25,20,Santa Cruz,CA,95060,US,Programming,E-gaming,2017
S12195,2016,4,29,1,Mountain View,CA,94043,US,Programming,E-gaming,2017
S12056,1992,12,10,24,Redding,CA,96003,US,Programming,E-gaming,2017
S10380,1990,1,9,27,Sacramento,CA,95829,US,Programming,E-gaming,2017
S10379,1990,9,1,26,Elk Grove,CA,95757,US,Programming,E-gaming,2017
S05756,0,0,0,23,Los Angeles,CA,90012,US,Programming,E-gaming,2017
S01882,1982,3,8,35,Reno,NV,89511,US,Programming,E-gaming,2017
S10382,1993,4,17,24,Sacramento,CA,95828,US,Programming,E-gaming,2017
S07554,1995,8,26,21,Mountain View,CA,94040,US,Programming,E-gaming,2017
S07608,1995,6,12,21,Mountain View,CA,94040,US,Programming,E-gaming,2017
S04818,0,0,0,26,Elk Grove,CA,95758,US,Programming,E-gaming,2017
S12151,1998,9,2,18,Union City,CA,94587,US,Programming,E-gaming,2017
S01966,1986,2,6,31,Sacramento,CA,95825,US,Programming,E-gaming,2017
S09020,1996,1,10,21,Redding,CA,96001,US,Programming,E-gaming,2017
S11931,1994,2,24,23,Fremont,CA,94539,US,Programming,E-gaming,2017
S12090,0,0,0,23,San Jose,CA,95111,US,Programming,E-gaming,2017
S10295,1996,8,14,20,Sunnyvale,CA,94087,US,Anime Resource Group,Tech,2017
S10381,1996,6,3,20,Sutter Creek,CA,95685,US,Programming,E-gaming,2017
S06297,1993,4,25,24,San,CA,95132,US,Programming,Tabletop Gaming,2017
S05000,0,0,0,27,San Jose,CA,95120,US,Programming,Tabletop Gaming,2017
S06540,1988,5,13,29,Sunnyvale,CA,94087,US,Programming,Tabletop Gaming,2017
S05997,0,0,0,30,san jose,CA,95128,US,Programming,Tabletop Gaming,2017
S07676,1983,11,12,33,San Jose,CA,95134,US,Programming,Tabletop Gaming,2017
S05214,1986,5,16,31,San Mateo,CA,94402-2446,US,Programming,Tabletop Gaming,2017
S10488,1994,11,13,22,San Martin,CA,95046,US,Programming,Tabletop Gaming,2017
S10771,1996,5,27,20,Fremont,CA,94555,US,Programming,Tabletop Gaming,2017
S11119,1997,11,17,19,Portland,OR,97229,US,Programming,Tabletop Gaming,2017
S07684,1984,8,10,32,San Jose,CA,95134,US,Programming,Tabletop Gaming,2017
S06281,1989,7,13,27,San Jose,CA,95125,US,Programming,Tabletop Gaming,2017
S12146,1992,2,24,25,Santa Clara,CA,95050,US,Programming,Tabletop Gaming,2017
S10622,1993,2,6,24,merritt Island,FL,32952,US,Programming,Tabletop Gaming,2017
S10623,1990,1,6,27,Cocoa,FL,32952,US,Programming,Tabletop Gaming,2017
S07894,1997,1,31,20,Pacifica,CA,94044,US,Programming,Tabletop Gaming,2017
S12023,1995,1,24,22,San Mateo,CA,94403,US,Programming,Tabletop Gaming,2017
S10742,1997,3,24,20,Clovis,CA,93612,US,Programming,Tabletop Gaming,2017
S12109,1988,9,18,28,Roseville,CA,95661,US,Programming,Tabletop Gaming,2017
S11982,1993,12,19,23,San Jose,CA,95133,US,Programming,Tabletop Gaming,2017
S07912,1988,10,20,28,Salinas,CA,93906,US,Programming,Tabletop Gaming,2017
S09972,1997,11,13,19,San Jose,CA,95134,US,Programming,Tabletop Gaming,2017
S12104,1994,5,22,22,Santa Clara,CA,95050,US,Programming,Tabletop Gaming,2017
S03216,1980,11,19,36,Elk Grove,CA,95758,US,Programming,Tabletop Gaming,2017
S12147,1994,3,5,23,Roseville,CA,95747,US,Programming,Tabletop Gaming,2017
S10286,0,0,0,18,Fremont,CA,94538,US,Programming,Tabletop Gaming,2017
S12064,1991,1,18,26,Canyon Country,CA,91351,US,Programming,Tabletop Gaming,2017
S10520,1993,11,19,23,San Bruno,CA,94066,US,Programming,Tabletop Gaming,2017
S12053,1994,1,13,23,Oakland,CA,94609,US,Programming,Tabletop Gaming,2017
S11884,0,0,0,33,San jose,CA,95170,US,Programming,Tabletop Gaming,2017
S11774,0,0,0,30,san jose,CA,95132,US,Programming,Tabletop Gaming,2017
S11142,1996,4,26,21,Forest Grove,OR,97116,US,Programming,Tabletop Gaming,2017
S12159,1997,4,23,20,Clovis,CA,93619,US,Programming,Tabletop Gaming,2017
S11962,1992,4,16,25,Stockton,CA,95209,US,Programming,Tabletop Gaming,2017
S12065,1996,6,12,20,Fields Landing,CA,95537,US,Programming,Tabletop Gaming,2017
S09704,0,0,0,26,San Jose,CA,95134,US,Programming,Tabletop Gaming,2017
S12139,1987,10,21,29,San Jose,CA,95136,US,Programming,Tabletop Gaming,2017
S12163,0,0,0,20,Moorpark,CA,93021,US,Programming,Tabletop Gaming,2017
S12183,0,0,0,16,San Jose,AR,95116,US,Programming,Tabletop Gaming,2017
S05647,1990,2,2,27,Coalinga,CA,93210,US,Programming,Tabletop Gaming,2017
S10735,1995,4,13,22,Sunnyvale,CA,94087,US,Programming,Tabletop Gaming,2017
S12041,1993,12,20,23,Portland,OR,97223-9443,US,Programming,Tabletop Gaming,2017
S09081,1991,11,9,25,Modesto,CA,95351,US,Programming,Tabletop Gaming,2017
S10521,0,0,0,22,MIllbrae,CA,94030,US,Programming,Tabletop Gaming,2017
S00014,1983,9,6,33,San Jose,CA,95121,US,Programming,Info Desk,2017
S03928,1994,6,11,22,Pitssburg,CA,94565,US,Programming,Info Desk,2017
S04383,1997,7,29,19,Oakley,CA,94561,US,Programming,Info Desk,2017
S04596,0,0,0,26,San Jose,CA,95121,US,Programming,Info Desk,2017
S05712,0,0,0,24,Union City,CA,94587,US,Programming,Info Desk,2017
S02932,1982,3,29,35,Elk Grove,CA,95624,US,Programming,Info Desk,2017
S03927,1995,9,15,21,Antioch,CA,94509,US,Programming,Info Desk,2017
S11801,0,0,0,18,Richmond,CA,94804,US,Programming,Info Desk,2017
S12093,2000,11,17,16,Antioch,CA,94509,US,Programming,Info Desk,2017
S12167,0,0,0,16,antioch,CA,94509,US,Programming,Info Desk,2017
S10777,1992,9,29,24,Stockton,CA,95209,US,Programming,Info Desk,2017
S12112,1967,6,22,49,San Juan Bautista,CA,95045,US,Programming,Info Desk,2017
S12122,1972,1,17,45,San Juan Bautista,CA,95045,US,Programming,Info Desk,2017
S12087,1994,12,19,22,Antioch,CA,94509,US,Programming,Info Desk,2017
S10320,1996,9,16,20,Oakley,CA,94561,US,Programming,Info Desk,2017
S10406,1992,9,5,24,Antioch,CA,94531,US,Programming,Info Desk,2017
S11800,1997,2,18,20,San Jose,CA,95125,US,Programming,Info Desk,2017
S12102,1986,9,11,30,San Jose,CA,95121,US,Programming,Info Desk,2017
S12166,1990,8,15,26,SAN jose,CA,95134,US,Programming,Info Desk,2017
S03154,1992,7,18,24,Hayward,CA,94541,US,Programming,Info Desk,2017
S08221,0,0,0,20,Antioch,CA,94531,US,Programming,Info Desk,2017
S12044,0,0,0,20,Pittsburg,CA,94565,US,Programming,Info Desk,2017
S09325,1990,3,30,27,Tracy,CA,95377,US,Programming,Info Desk,2017
S10516,1990,10,5,26,Pittsburg,CA,94565,US,Programming,Info Desk,2017
S12029,1999,4,21,18,Milpitas,CA,95035,US,Programming,Info Desk,2017
S03987,1990,8,3,26,San Jose,CA,95133,US,Programming,Info Desk,2017
S08462,1996,10,16,20,Antioch,CA,94531,US,Programming,Info Desk,2017
S10517,1992,3,30,25,Pittsburg,CA,94565,US,Programming,Info Desk,2017
S12110,0,0,0,27,Hayward,CA,94541,US,Programming,Info Desk,2017
S12046,2001,10,29,15,Antioch,CA,94509,US,Programming,Info Desk,2017
S08947,0,0,0,25,Antioch,CA,94509,US,Programming,Info Desk,2017
S12043,1996,12,9,20,Pittsburg,CA,94565,US,Programming,Info Desk,2017
S11799,1996,12,22,20,San Jose,CA,95120,US,Programming,Info Desk,2017
S12123,2000,10,8,16,CA,CA,94509,US,Programming,Info Desk,2017
S12037,2000,1,30,17,Pittsburg,CA,94565,US,Programming,Info Desk,2017
S11726,0,0,0,25,Antioch,CA,94509,US,Programming,Info Desk,2017
S10679,1995,9,13,21,Antioch,CA,94509,US,Programming,Info Desk,2017
S12086,1996,3,7,21,Antioch,CA,94509,US,Programming,Info Desk,2017
S11688,1998,8,7,18,Brentwood,CA,94513,US,Programming,Info Desk,2017
S11922,1995,12,3,21,Pittsburg,CA,94565,US,Programming,Info Desk,2017
S12107,1992,6,25,24,Vallejo,CA,94591,US,Programming,Info Desk,2017
S08752,1993,6,22,23,Alameda,CA,94502,US,Programming,Info Desk,2017
S11682,0,0,0,18,Brentwood,CA,94513,US,Programming,Info Desk,2017
S12033,2001,5,30,15,Pittsburgh,CA,94565,US,Programming,Info Desk,2017
S04386,1996,11,3,20,Antioch,CA,94509,US,Programming,Info Desk,2017
S12095,2001,1,29,16,Antioch,CA,94509,US,Programming,Info Desk,2017
S07339,1991,10,21,25,Santa Cruz,CA,95060,US,Programming,Info Desk,2017
S05651,1997,6,8,19,Brentwood,CA,94513,US,Programming,Info Desk,2017
S11548,1999,3,27,18,Brentwood,CA,94513,US,Programming,Info Desk,2017
S11972,1998,12,4,18,South San Francisco,CA,94080,US,Programming,Info Desk,2017
S12000,1993,4,15,24,San jose,CA,95110,US,Programming,Info Desk,2017
S08966,1989,12,30,27,San Jose,CA,95127,US,Programming,Info Desk,2017
S12031,1999,8,3,17,Antioch,CA,94509,US,Programming,Info Desk,2017
S09317,1983,12,21,33,Sacramento,CA,95833,US,Programming,Info Desk,2017
S12032,2000,1,19,17,antioch,CA,94509,US,Programming,Info Desk,2017
S11724,0,0,0,26,Oakley,CA,94561,US,Programming,Info Desk,2017
S04400,1997,5,28,19,Oakley,CA,94561,US,Programming,Info Desk,2017
S02962,1990,4,9,27,San Jose,CA,95129,US,Programming,Info Desk,2017
S11907,1990,5,24,26,Sacramento,CA,95831,US,Programming,Info Desk,2017
S10778,1997,3,3,20,Pleasanton,CA,94588,US,Programming,Info Desk,2017
S12049,0,0,0,27,San Jose,CA,95126,US,Programming,Info Desk,2017
S00406,1984,1,29,33,Los Angeles,CA,90031,US,Programming,Karaoke,2017
S07698,1982,9,7,34,San Jose,CA,95110,US,Programming,Karaoke,2017
S07793,0,0,0,22,Berkeley,CA,94703,US,Programming,Karaoke,2017
S03943,1989,7,16,27,Chula Vista,CA,91915,US,Programming,Karaoke,2017
S00405,1978,5,15,39,Las Vegas,NV,89121,US,Programming,Karaoke,2017
S07823,1993,4,26,24,Sonoma,CA,95476,US,Programming,Karaoke,2017
S04131,1989,4,22,28,Los Angeles,CA,90029,US,Programming,Karaoke,2017
S10805,1988,2,6,29,San Francisco,CA,94122,US,Programming,Karaoke,2017
S10702,0,0,0,24,Los Angeles,CA,90031,US,Programming,Karaoke,2017
S11243,1978,8,1,38,San Jose,CA,95133,US,Programming,Manga Lounge,2017
S12171,1998,7,14,18,Milpitas,CA,95036,US,Programming,Manga Lounge,2017
S12106,1991,11,21,25,San Jose,CA,95121,US,Programming,Manga Lounge,2017
S12021,1982,5,24,34,Milpitas,CA,95035,US,Programming,Manga Lounge,2017
S10434,1981,10,31,35,Brooklyn,CA,11216,US,Programming,Manga Lounge,2017
S09969,0,0,0,15,Milpitas,CA,95035,US,Programming,Manga Lounge,2017
S12121,1980,10,14,36,South San Francisco,CA,94080,US,Programming,Manga Lounge,2017
S11454,1989,5,31,27,Vallejo,CA,94591,US,Programming,Manga Lounge,2017
S03515,1982,11,23,34,Union City,CA,94587,US,Programming,Manga Lounge,2017
S05310,0,0,0,24,Fresno,CA,93706,US,Programming,Panels,2017
S02462,1983,12,9,33,South San Francisco,CA,94080,US,Programming,Panels,2017
S04868,1991,6,9,25,Clovis,CA,93611,US,Programming,Panels,2017
S01995,1983,7,12,33,Santa Clara,CA,95051,US,Programming,Panels,2017
S06815,1986,10,23,30,Castro Valley,CA,94546,US,Programming,Fan Events,2017
S10538,1993,3,27,24,San Jose,CA,95116,US,Programming,Panels,2017
S07397,1997,5,9,20,Vallejo,CA,94590,US,Programming,Panels,2017
S11189,0,0,0,18,Sanger,CA,93657,US,Programming,Panels,2017
S06521,1995,5,30,21,Antioch,CA,94531,US,Programming,Panels,2017
S10632,1993,9,15,23,Fresno,CA,93703,US,Programming,Panels,2017
S07428,1989,8,21,27,San Jose,CA,95130,US,Programming,Panels,2017
S04030,1989,11,29,27,pittsburg,CA,94565,US,Programming,Panels,2017
S11117,1990,12,31,26,Campbell,CA,95008,US,Programming,Panels,2017
S09862,1994,5,26,22,Placerville,CA,95667,US,Programming,Panels,2017
S11324,0,0,0,28,SOUTH SAN FRANCISCO,CA,94080,US,Programming,Panels,2017
S09752,0,0,0,26,Union City,CA,94587,US,Programming,Panels,2017
S09756,1992,7,15,24,Rancho Cordova,CA,95670,US,Programming,Panels,2017
S08265,1982,6,18,34,San Jose,CA,95148,US,Programming,Panels,2017
S03831,1990,3,30,27,San Leandro,CA,94577,US,Programming,Panels,2017
S10408,1992,3,13,25,Milpitas,CA,95035,US,Programming,Panels,2017
S09750,1996,2,1,21,Dos Palos,CA,93620,US,Programming,Panels,2017
S11551,1993,12,4,23,Fresno,CA,93728,US,Programming,Panels,2017
S10655,1994,12,20,22,Sanger,CA,93657,US,Programming,Panels,2017
S11944,0,0,0,20,Lompoc,CA,93436,US,Programming,Panels,2017
S06319,1982,8,23,34,Milpitas,CA,95035,US,Programming,Panels,2017
S09307,1997,11,8,19,Oakland,CA,94608,US,Programming,Panels,2017
S12148,1991,11,19,25,Fresno,CA,93720,US,Programming,Panels,2017
S09116,1988,7,31,28,San Francisco,CA,94124,US,Programming,Panels,2017
S12108,0,0,0,19,AMBRIDGE,PA,15003,US,Programming,Panels,2017
S10664,1994,10,2,22,Fresno,CA,93726,US,Programming,Panels,2017
S09863,1997,9,13,19,Fresno,CA,93727,US,Programming,Panels,2017
S05305,1999,10,27,17,Paradise,CA,95969,US,Programming,Panels,2017
S03136,1989,4,15,28,San Jose,CA,95132,US,Programming,Panels,2017
S01803,1969,9,10,47,Morgan Hill,CA,95037,US,Programming,Bushido,2017
S02154,1977,8,24,39,Sunnyvale,CA,94086,US,Programming,Bushido,2017
S02140,1980,3,21,37,San Diego,CA,92129,US,Programming,Bushido,2017
S02152,1983,2,26,34,Stockton,CA,95209,US,Programming,Bushido,2017
S06382,1972,8,9,44,San Francisco,CA,94121,US,Programming,Bushido,2017
S02139,1988,2,20,29,San Diego,CA,92119,US,Programming,Bushido,2017
S11873,0,0,0,23,Aptos,CA,95003,US,Programming,Bushido,2017
S10481,1996,7,17,20,Sacramento,CA,95820,US,Programming,Bushido,2017
S06381,1982,8,4,34,San Francisco,CA,94121,US,Programming,Bushido,2017
S02156,1958,11,18,58,Hayward,CA,94541,US,Programming,Bushido,2017
S02150,1949,7,27,67,Hayward,CA,94541,US,Programming,Bushido,2017
S11865,1988,1,12,29,Santa Clara,CA,95051,US,Programming,Bushido,2017
S02158,1983,9,13,33,San Ramon,CA,94582,US,Programming,Bushido,2017
S11872,0,0,0,26,Campbell,CA,95008,US,Programming,Bushido,2017
S06371,1988,7,15,28,Hayward,CA,94544,US,Programming,Bushido,2017
S02157,1987,6,11,29,San Jose,CA,95133,US,Programming,Bushido,2017
S08908,1990,3,26,27,San Diego,CA,92119,US,Programming,Bushido,2017
S04791,1991,10,1,25,San Jose,CA,95111,US,Programming,Bushido,2017
S03101,1994,5,9,23,Cupertino,CA,95014,US,Programming,Bushido,2017
S10448,1990,7,23,26,San Jose,CA,95118,US,Programming,Fan Events,2017
S06100,0,0,0,30,San Francisco,CA,94110,US,Programming,Programming Ops,2017
S00801,1985,11,4,31,Stockton,CA,95210,US,Programming,Programming Ops,2017
S00025,1986,9,24,30,San Jose,CA,95148,US,Programming,Programming Ops,2017
S10730,1993,4,5,24,Martinez,CA,94553,US,Programming,Programming Ops,2017
S07056,1986,12,13,30,Morgan Hill,CA,95037,US,Programming,Programming Ops,2017
S11815,0,0,0,23,San Jose,CA,95127,US,Programming,Programming Ops,2017
S04037,1988,3,18,29,San Jose,CA,95148,US,Programming,Programming Ops,2017
S06903,1993,3,12,24,Rolling Hills Estates,CA,90274,US,Programming,Programming Ops,2017
S04813,1986,2,28,31,dixon,CA,95620,US,Programming,Programming Ops,2017
S02173,1985,5,15,32,Chico,CA,95926,US,Programming,Programming Ops,2017
S10998,1996,10,21,20,San Jose,CA,95127,US,Programming,Programming Ops,2017
S07268,0,0,0,25,San Jose,CA,95125,US,Programming,Programming Ops,2017
S12165,1992,4,15,25,pleasant hill,CA,94523,US,Programming,Programming Ops,2017
S10665,1990,12,30,26,Davis,CA,95616,US,Programming,Programming Ops,2017
S11685,1997,9,6,19,Morgan Hill,CA,95037,US,Programming,Programming Ops,2017
S12187,1993,9,11,23,Mount Vernon,WA,98273,US,Programming,Programming Ops,2017
S11463,1997,6,9,19,San Jose,CA,95128,US,Programming,Programming Ops,2017
S07557,0,0,0,23,Rolling Hills Estates,CA,90274,US,Programming,Programming Ops,2017
S10034,1991,11,4,25,San Francisco,CA,94122,US,Programming,Programming Ops,2017
S07549,1992,2,20,25,Long Beach,CA,90810,US,Programming,Programming Ops,2017
S07064,1994,8,20,22,San Jose,CA,95124,US,Programming,Programming Ops,2017
S11411,0,0,0,31,Portsmouth,VA,23702,US,Programming,Programming Ops,2017
S11398,0,0,0,26,Milpitas,CA,95035,US,Programming,Programming Ops,2017
S05967,1988,4,8,29,San Jose,CA,95116,US,Programming,Programming Ops,2017
S07905,0,0,0,24,San Francisco,CA,94122,US,Programming,Programming Ops,2017
S04848,1991,11,10,25,Dublin,CA,94568,US,Programming,Speed Dating,2017
S08286,1994,9,21,22,Sacramento,CA,95825,US,Programming,Speed Dating,2017
S07754,1995,7,24,21,San Rafael,CA,94901,US,Programming,Speed Dating,2017
S10671,1992,5,8,25,Oakley,CA,94561,US,Programming,Speed Dating,2017
S05929,1994,1,16,23,San Francisco,CA,94127,US,Programming,Speed Dating,2017
S04738,1991,1,13,26,Alameda,CA,94502,US,Programming,Speed Dating,2017
S08753,1993,6,29,23,Fair Oaks,CA,95628,US,Programming,Speed Dating,2017
S07149,1992,3,6,25,san francisco,CA,94127,US,Programming,Speed Dating,2017
S11431,1996,3,26,21,Sacramento,CA,95826,US,Programming,Speed Dating,2017
S11534,1993,9,18,23,Alhambra,CA,91801,US,Programming,Speed Dating,2017
S10360,1991,9,24,25,Davis,CA,95616,US,Programming,Speed Dating,2017
S10453,1994,12,31,22,Davis,CA,95616,US,Programming,Speed Dating,2017
S09065,0,0,0,26,San Jose,CA,95119,US,Programming,Speed Dating,2017
S11729,0,0,0,23,saratoga,CA,95070,US,Programming,Speed Dating,2017
S10366,1993,9,17,23,Millbrae,CA,94030,US,Programming,Speed Dating,2017
S10290,0,0,0,23,Millbrae,CA,94030,US,Programming,Speed Dating,2017
S11535,0,0,0,23,San Francisco,CA,94121,US,Programming,Speed Dating,2017
S07588,1992,5,18,25,Davis,CA,95616,US,Programming,Speed Dating,2017
S10452,1992,10,19,24,Davis,CA,95616,US,Programming,Speed Dating,2017
S10361,1992,7,16,24,Davis,CA,95616,US,Programming,Speed Dating,2017
S11728,0,0,0,26,Carlsbad,CA,92009,US,Programming,Speed Dating,2017
S09011,1998,11,1,18,San Jose,CA,95120,US,Programming,Speed Dating,2017
S03723,1989,7,9,27,San Jose,CA,95120,US,Programming,Speed Dating,2017
S11758,1993,2,4,24,Madison,WI,53703,US,Programming,Speed Dating,2017
S09186,0,0,0,26,San Jose,CA,95134,US,Programming,Speed Dating,2017
S00474,1975,4,24,42,Pittsburg,CA,94565,US,Programming,Stage Zero,2017
S00569,1984,5,24,32,Martinez,CA,94553,US,Programming,Stage Zero,2017
S06522,1992,7,2,24,Tehachapi,CA,93561,US,Programming,Stage Zero,2017
S10389,1994,11,14,22,Chico,CA,95926,US,Programming,Stage Zero,2017
S04233,1989,10,19,27,Milpitas,CA,95035,US,Programming,Stage Zero,2017
S00946,1986,10,10,30,hayward,CA,94545,US,Programming,Stage Zero,2017
S00156,1986,2,5,31,Hayward,CA,94544,US,Programming,Stage Zero,2017
S00929,1987,7,16,29,Hayward,CA,94541,US,Programming,Stage Zero,2017
S11242,1993,8,11,23,san leandro,CA,94579,US,Programming,Stage Zero,2017
S04409,1986,4,4,31,Concord,CA,94518,US,Programming,Stage Zero,2017
S11810,1975,12,3,41,Concord,CA,94518,US,Programming,Stage Zero,2017
S00514,1985,5,9,32,Antioch,CA,94509,US,Programming,Stage Zero,2017
S08112,1989,11,6,27,San Leandro,CA,94578,US,Programming,Stage Zero,2017
S07344,1993,9,20,23,Wheatland,CA,95692,US,Programming,Stage Zero,2017
S04377,1991,10,17,25,San Lorenzo,CA,94580,US,Programming,Stage Zero,2017
S11066,0,0,0,20,San Lorenzo,CA,94580,US,Programming,Stage Zero,2017
S01859,1987,3,13,30,Sacramento,CA,95831,US,Programming,Stage Zero,2017
S08973,1991,8,28,25,Union city,CA,94587,US,Programming,Stage Zero,2017
S05925,0,0,0,26,Gilroy,CA,95020,US,Programming,Stage Zero,2017
S02083,1991,9,27,25,Newark,CA,94560,US,Programming,Stage Zero,2017
S01933,1987,6,6,29,El Sobrante,CA,94803,US,Programming,Stage Zero,2017
S01924,1988,9,14,28,Daly City,CA,94014,US,Programming,Stage Zero,2017
S11206,1982,11,9,34,martinez,CA,94553,US,Programming,Stage Zero,2017
S00173,1977,2,4,40,campbell,CA,95008,US,Programming,Video,2017
S09380,0,0,0,28,Oakland,CA,94606,US,Programming,Video,2017
S03536,1991,12,9,25,Union City,CA,94587,US,Programming,Video,2017
S00067,1978,6,21,38,Fremont,CA,94538,US,Programming,Video,2017
S02168,1991,6,26,25,Los Gatos,CA,95032,US,Programming,Video,2017
S12138,1996,10,24,20,Santa clara,CA,95051,US,Programming,Video,2017
S12052,1997,12,13,19,Oakland,CA,94609,US,Programming,Video,2017
S06327,1994,2,8,23,Vallejo,CA,94590,US,Programming,Video,2017
S11651,1995,2,17,22,Tracy,CA,95377,US,Programming,Video,2017
S11715,1994,3,21,23,Oakland,CA,94605,US,Programming,Video,2017
S11734,0,0,0,20,Reno,NV,89506,US,Programming,Video,2017
S06353,1997,12,22,19,San Jose,CA,95122,US,Programming,Video,2017
S04931,1993,9,5,23,Milpitas,CA,95035,US,Programming,Video,2017
S10686,0,0,0,22,Milpitas,CA,95035,US,Programming,Video,2017
S10687,0,0,0,24,Milpitas,CA,95035,US,Programming,Video,2017
S02778,0,0,0,36,San Jose,CA,95123,US,Programming,Video,2017
S11763,1991,5,27,25,Stockton,CA,95206,US,Programming,Video,2017
S01377,1990,5,15,27,san jose,CA,95111,US,Programming,Video,2017
S11430,1996,9,7,20,Milpitas,CA,95035,US,Programming,Video,2017
S12100,1993,3,4,24,Milpitas,CA,95035,US,Programming,Video,2017
S08186,1989,4,14,28,Sugar Land,TX,77479,US,Programming,Video,2017
S11645,1999,11,15,17,Stockton,CA,95207,US,Programming,Video,2017
S11889,1992,9,14,24,Lodi,CA,95240,US,Programming,Video,2017
S04648,1992,6,3,24,san jose,CA,95133,US,Programming,Video,2017
S02779,1981,7,18,35,Mountain View,CA,94043,US,Programming,Video,2017
S07837,1992,11,23,24,Eas Palo Alto,CA,94303,US,Programming,Video,2017
S12072,1989,2,6,28,Tigard,OR,97224,US,Programming,Video,2017
S09058,1995,5,27,21,Orinda,CA,94563,US,Programming,Video,2017
S07542,1989,11,29,27,Pacifica,CA,94044,US,Programming,Video,2017
S11423,1994,4,30,23,Pacifica,CA,94044,US,Programming,Video,2017
S04591,0,0,0,49,Fremont,CA,94539,US,Programming,Video,2017
S08714,1991,10,25,25,pacifica,CA,94044,US,Programming,Video,2017
S07420,1997,7,24,19,Stockton,CA,95219,US,Programming,Video,2017
S11599,1998,1,19,19,Stockton,CA,95207,US,Programming,Video,2017
S11684,1986,7,23,30,mesa,AZ,85210,US,Programming,Video,2017
S08189,1988,12,27,28,Aloha,OR,97078,US,Programming,Video,2017
S12079,1992,2,26,25,Elk Grove,CA,95757,US,Programming,Video,2017
S07818,1987,6,24,29,San Pablo,CA,94806,US,Programming,Fanime Music Video,2017
S07501,0,0,0,30,San Pablo,CA,94806,US,Programming,Fanime Music Video,2017
S01712,1985,8,20,31,Davis,CA,95616,US,Guest Relations,Guest Relations,2017
S03489,1989,7,18,27,San Jose,CA,95129,US,Guest Relations,Guest Relations,2017
S06022,1980,5,30,36,Oceano,CA,93445,US,Guest Relations,Guest Relations,2017
S10493,1994,6,3,22,Midway City,CA,92655,US,Guest Relations,Autographs,2017
S11755,0,0,0,34,Monterey Park,CA,91754,US,Guest Relations,Autographs,2017
S09047,1995,11,13,21,Pasadena,CA,91101,US,Guest Relations,Autographs,2017
S05856,1987,2,16,30,Castro Valley,CA,94546,US,Guest Relations,Autographs,2017
S10935,0,0,0,26,TORRANCE,CA,90503,US,Guest Relations,Autographs,2017
S10395,1992,1,30,25,hayward,CA,94544,US,Guest Relations,Autographs,2017
S10492,1993,7,15,23,Huntington Beach,CA,92647,US,Guest Relations,Autographs,2017
S05689,1990,10,31,26,Coachella,CA,92236,US,Guest Relations,Hospitality,2017
S11844,1994,8,21,22,Richmond,CA,94804,US,Guest Relations,Hospitality,2017
S06939,0,0,0,29,San Jose,CA,95117,US,Guest Relations,Hospitality,2017
S06531,1985,9,16,31,Gardena,CA,90249,US,Guest Relations,Hospitality,2017
S04285,1985,3,9,32,San Ramon,CA,94582,US,Guest Relations,Hospitality,2017
S11877,1994,9,9,22,Oroville,CA,95965,US,Guest Relations,Hospitality,2017
S09982,1988,8,10,28,Milpitas,CA,95035,US,Guest Relations,Hospitality,2017
S10402,1990,4,11,27,Union City,CA,94587,US,Guest Relations,Hospitality,2017
S12153,1993,12,21,23,Anaheim,CA,92805,US,Guest Relations,Hospitality,2017
S11843,1984,11,14,32,Panorama City,CA,91402,US,Guest Relations,Hospitality,2017
S00369,1972,10,28,44,SARATOGA SPRINGS,NY,12866-9480,US,Guest Relations,Hospitality,2017
S11842,1996,7,4,20,Westminster,CA,92683,US,Guest Relations,Hospitality,2017
S09951,1991,1,27,26,San Francisco,CA,94118,US,Guest Relations,Hospitality,2017
S00704,1983,1,12,34,San Mateo,CA,94403,US,Guest Relations,MusicFest,2017
S02287,1987,5,27,29,"Osaka, Osaka-fu",XX,556-0004,JP,Guest Relations,MusicFest,2017
S03780,1976,5,26,40,Sacramento,CA,95833,US,Guest Relations,MusicFest,2017
S00437,1987,12,25,29,San Jose,CA,95130,US,Guest Relations,MusicFest,2017
S07170,1987,1,27,30,Pasadena,CA,91105,US,Guest Relations,Japanese Language Services,2017
S02134,1992,8,25,24,San Ramon,CA,94582,US,Guest Relations,Japanese Language Services,2017
S01749,1986,11,1,30,San Jose,CA,95132,US,Guest Relations,Japanese Language Services,2017
S07670,1992,7,25,24,San Jose,CA,95134,US,Guest Relations,Japanese Language Services,2017
S05116,0,0,0,28,Harbor City,CA,90710,US,Guest Relations,Japanese Language Services,2017
S04570,1983,6,25,33,Lewisville,TX,75067,US,Guest Relations,Japanese Language Services,2017
S10758,0,0,0,42,Stockton,CA,95210,US,Guest Relations,Japanese Language Services,2017
S11979,0,0,0,31,Fullerton,CA,92831,US,Guest Relations,Japanese Language Services,2017
S10400,0,0,0,24,Menlo Park,CA,94025,US,Guest Relations,Japanese Language Services,2017
S03799,1990,10,23,26,San Jose,CA,95112,US,Extravaganzas,Extravaganzas,2017
S10464,1987,2,11,30,San Jose,CA,95125,US,Extravaganzas,Extravaganzas,2017
S07539,1984,5,6,33,San Jose,CA,95112,US,Extravaganzas,Extravaganzas,2017
S03012,1982,9,19,34,San Jose,CA,95128,US,Extravaganzas,Black and White Ball,2017
S04832,0,0,0,31,San Jose,CA,95128,US,Extravaganzas,Black and White Ball,2017
S08840,1989,5,12,28,Walnut Creek,CA,94595,US,Extravaganzas,Black and White Ball,2017
S04829,1990,7,23,26,Walnut Creek,CA,94595,US,Extravaganzas,Black and White Ball,2017
S09924,1991,6,29,25,Bay Point,CA,94565,US,Extravaganzas,Black and White Ball,2017
S11675,1998,10,1,18,Fremont,CA,94539,US,Extravaganzas,Black and White Ball,2017
S10522,1991,6,30,25,Hillsborough,CA,94010,US,Extravaganzas,Black and White Ball,2017
S10772,1985,5,27,31,Mountain View,CA,94040,US,Extravaganzas,Black and White Ball,2017
S11967,0,0,0,20,santa clara,CA,95050,US,Extravaganzas,Black and White Ball,2017
S11396,0,0,0,19,Fremont,CA,94539,US,Extravaganzas,Black and White Ball,2017
S11676,1994,12,17,22,Angwin,CA,94508,US,Extravaganzas,Black and White Ball,2017
S11510,0,0,0,19,San Jose,CA,95135,US,Extravaganzas,Black and White Ball,2017
S04833,0,0,0,29,Suisun city,CA,94585,US,Extravaganzas,Black and White Ball,2017
S06784,1989,7,9,27,Suisun City,CA,94585,US,Extravaganzas,Black and White Ball,2017
S12160,0,0,0,23,Menlo Park,CA,94025,US,Extravaganzas,Black and White Ball,2017
S11674,0,0,0,17,Fremont,CA,94539,US,Extravaganzas,Black and White Ball,2017
S06794,1993,4,26,24,San Jose,CA,95121,US,Extravaganzas,Black and White Ball,2017
S10019,0,0,0,20,Sunnyvale,CA,94085,US,Extravaganzas,Black and White Ball,2017
S05563,1989,10,14,27,San Jose,CA,95111,US,Extravaganzas,Black and White Ball,2017
S00919,1978,9,5,38,Los Angeles,CA,90014,US,Extravaganzas,Black and White Ball,2017
S08317,1983,6,10,33,Davis,CA,95616,US,Extravaganzas,Black and White Ball,2017
S06779,0,0,0,28,Bremerton,WA,98310,US,Extravaganzas,Black and White Ball,2017
S11996,1994,9,26,22,Santa Clara,CA,95054,US,Extravaganzas,Black and White Ball,2017
S05500,1991,2,21,26,Millbrae,CA,94030,US,Extravaganzas,Black and White Ball,2017
S09229,0,0,0,33,Davis,CA,95617,US,Extravaganzas,Black and White Ball,2017
S02931,1974,2,15,43,ALISO VIEJO,CA,92656,US,Extravaganzas,Black and White Ball,2017
S09650,1989,3,22,28,Dublin,CA,94568,US,Extravaganzas,Black and White Ball,2017
S06786,1985,9,12,31,San Jose,CA,95116,US,Extravaganzas,Black and White Ball,2017
S03798,1989,10,9,27,san jose,CA,95135,US,Extravaganzas,Black and White Ball,2017
S05570,0,0,0,26,San Jose,CA,95110,US,Extravaganzas,Black and White Ball,2017
S05572,1989,11,6,27,Sunnyvale,CA,94089,US,Extravaganzas,Black and White Ball,2017
S11648,1990,11,15,26,San Jose,CA,95112,US,Extravaganzas,Black and White Ball,2017
S11650,1994,5,5,23,San Jose,CA,95125,US,Extravaganzas,Black and White Ball,2017
S10445,1995,9,21,21,San Jose,CA,95132,US,Extravaganzas,Black and White Ball,2017
S05580,0,0,0,29,San Jose,CA,95121,US,Extravaganzas,Black and White Ball,2017
S08875,1988,12,29,28,San Mateo,CA,94402,US,Extravaganzas,Black and White Ball,2017
S09013,1994,8,12,22,Granite Bay,CA,95746,US,Extravaganzas,Black and White Ball,2017
S08318,0,0,0,26,San Francsico,CA,94130,US,Extravaganzas,Black and White Ball,2017
S11735,1992,2,10,25,San Mateo,CA,94402,US,Extravaganzas,Black and White Ball,2017
S08320,0,0,0,24,San Jose,CA,95112,US,Extravaganzas,Black and White Ball,2017
S08569,0,0,0,25,San Jose,CA,95131,US,Extravaganzas,Black and White Ball,2017
S05560,0,0,0,35,San Francisco,CA,94107,US,Extravaganzas,Black and White Ball,2017
S08345,1974,12,8,42,redwood city,CA,94062,US,Extravaganzas,Masquerade,2017
S07906,0,0,0,45,Redwood City,CA,94062,US,Extravaganzas,Masquerade,2017
S05564,1992,9,17,24,Pleasent Hill,CA,94523,US,Extravaganzas,Masquerade,2017
S05553,1991,2,28,26,San Jose,CA,95128,US,Extravaganzas,Masquerade,2017
S05204,1983,5,15,34,San Jose,CA,95127,US,Extravaganzas,Masquerade,2017
S00256,1987,5,11,30,San Jose,CA,95148,US,Extravaganzas,Masquerade,2017
S05177,0,0,0,32,studio city,CA,91604,US,Extravaganzas,Masquerade,2017
S11953,1998,12,16,18,Milpitas,CA,95035,US,Extravaganzas,Masquerade,2017
S00058,1987,4,16,30,san jose,CA,95148,US,Extravaganzas,Masquerade,2017
S11954,0,0,0,16,San Jose,CA,95136,US,Extravaganzas,Masquerade,2017
S09335,1997,5,6,20,San Jose,CA,95127,US,Extravaganzas,Masquerade,2017
S11805,0,0,0,22,San jose,CA,95128,US,Extravaganzas,Masquerade,2017
S00560,1973,8,27,43,Irvine,CA,92620,US,Extravaganzas,Masquerade,2017
S11849,1992,10,2,24,Sunnyvale,CA,94087,US,Extravaganzas,Masquerade,2017
S10491,1994,9,19,22,Palo Alto,CA,94303,US,Extravaganzas,Masquerade,2017
S10701,1992,12,28,24,San Jose,CA,95127,US,Extravaganzas,Masquerade,2017
S11847,1990,8,16,26,San Jose,CA,95127,US,Extravaganzas,Masquerade,2017
S11791,1995,10,24,21,Pittsburg,CA,94565,US,Extravaganzas,Masquerade,2017
S09329,1992,3,5,25,Milpitas,CA,95035,US,Extravaganzas,Masquerade,2017
S11747,0,0,0,35,Redondo Beach,CA,90278,US,Extravaganzas,Masquerade,2017
S11746,0,0,0,30,Redondo Beach,CA,90278,US,Extravaganzas,Masquerade,2017
S10647,1986,8,3,30,Cool,CA,95614,US,Extravaganzas,Masquerade,2017
S11485,1994,8,14,22,San Jose,CA,95121,US,Extravaganzas,Masquerade,2017
S11966,0,0,0,32,Rosemead,CA,91770,US,Extravaganzas,Masquerade,2017
S11748,1994,3,4,23,Oakdale,CA,95361,US,Extravaganzas,Masquerade,2017
S07683,0,0,0,25,San Jose,CA,95127,US,Extravaganzas,Masquerade,2017
S07402,1988,2,2,29,Alameda,CA,94501,US,Extravaganzas,Maid Cafe,2017
S07401,1995,6,24,21,Milpitas,CA,95035,US,Extravaganzas,Maid Cafe,2017
S11479,1990,7,26,26,Antioch,CA,94531,US,Extravaganzas,Maid Cafe,2017
S07405,1994,3,17,23,Milpitas,CA,95035,US,Extravaganzas,Maid Cafe,2017
S03753,1990,5,22,26,Lemoore,CA,93245,US,Extravaganzas,Maid Cafe,2017
S11480,1990,8,6,26,Fremont,CA,94539,US,Extravaganzas,Maid Cafe,2017
S04717,1994,5,5,23,Foster City,CA,94404,US,Extravaganzas,Maid Cafe,2017
S11936,1996,2,19,21,San Jose,CA,95122,US,Extravaganzas,Maid Cafe,2017
S09793,0,0,0,28,Campbell,CA,95008,US,Extravaganzas,Maid Cafe,2017
S08931,0,0,0,27,Union city,CA,94587,US,Extravaganzas,Maid Cafe,2017
S08927,1992,4,25,25,Denver,CO,80218,US,Extravaganzas,Maid Cafe,2017
S07403,1990,3,14,27,Daly City,CA,94015,US,Extravaganzas,Maid Cafe,2017
S03990,1988,7,19,28,Sunnyvale,CA,94085,US,Extravaganzas,Maid Cafe,2017
S11478,1993,9,27,23,Pacific Palisades,CA,90272,US,Extravaganzas,Maid Cafe,2017
S07404,1984,3,11,33,Anaheim,CA,92804,US,Extravaganzas,Maid Cafe,2017
S08958,0,0,0,28,Alameda,CA,94501,US,Extravaganzas,Maid Cafe,2017
S00820,1987,5,3,30,San Jose,CA,95112,US,Extravaganzas,Chibitainment,2017
S00978,1992,7,24,24,San Jose,CA,95125,US,Extravaganzas,Chibitainment,2017
S04474,1996,10,30,20,Newark,CA,94560,US,Extravaganzas,Chibitainment,2017
S11339,2001,12,28,15,Newark,CA,94560,US,Extravaganzas,Chibitainment,2017
S11942,1986,11,13,30,San Jose,CA,95125,US,Extravaganzas,Chibitainment,2017
S06683,1994,12,23,22,newark,CA,94560,US,Extravaganzas,Chibitainment,2017
S07805,1994,7,7,22,Clovis,CA,93619,US,Extravaganzas,Thrift Shop,2017
S09092,1995,10,27,21,Martinez,CA,94553,US,Extravaganzas,Thrift Shop,2017
S09200,1993,8,19,23,Martinez,CA,94553,US,Extravaganzas,Thrift Shop,2017
S09762,1997,3,21,20,Clovis,CA,93611,US,Extravaganzas,Thrift Shop,2017
S09723,1996,8,15,20,Fresno,CA,93722,US,Extravaganzas,Thrift Shop,2017
S11829,1994,6,17,22,Brentwood,CA,94513,US,Extravaganzas,Thrift Shop,2017
S11830,0,0,0,21,Martinez,CA,94553,US,Extravaganzas,Thrift Shop,2017
S11553,1986,12,10,30,Boulder Creek,CA,95006,US,Extravaganzas,Thrift Shop,2017
S12078,1998,5,24,18,Nampa,ID,83686,US,Extravaganzas,Thrift Shop,2017
S09763,1998,7,12,18,Fresno,CA,93727,US,Extravaganzas,Thrift Shop,2017
S11749,1997,12,11,19,Fresno,CA,93721,US,Extravaganzas,Thrift Shop,2017
S08820,1995,11,24,21,Fresno,CA,93727,US,Extravaganzas,Thrift Shop,2017
S09765,1995,1,29,22,Clovis,CA,93611,US,Extravaganzas,Thrift Shop,2017
S04744,1992,5,22,24,Sebastopol,CA,95472,US,Extravaganzas,Cosplay Gatherings,2017
S08896,1990,5,13,27,San Francisco,CA,94115,US,Extravaganzas,Cosplay Gatherings,2017
S12022,1991,12,31,25,Belmont,CA,94002,US,Extravaganzas,Cosplay Gatherings,2017
S06242,1959,11,14,57,South San Francisco,CA,94080,US,Extravaganzas,Cosplay Gatherings,2017
S11958,1997,1,25,20,San Jose,CA,95121,US,Extravaganzas,Cosplay Gatherings,2017
S09948,1997,10,18,19,Fremont,CA,94539,US,Extravaganzas,Cosplay Gatherings,2017
S06456,0,0,0,23,San Rafael,CA,94901,US,Extravaganzas,Cosplay Gatherings,2017
S12176,1997,5,1,20,Scotts Valley,CA,95066,US,Extravaganzas,Cosplay Gatherings,2017
S12178,1996,5,19,21,Santa Clara,CA,95050,US,Extravaganzas,Cosplay Gatherings,2017
S07664,1991,5,12,26,Vallejo,CA,94590,US,Extravaganzas,Cosplay Gatherings,2017
S07898,1994,1,30,23,Vallejo,CA,94590,US,Extravaganzas,Cosplay Gatherings,2017
S11850,1991,5,19,26,CA,CA,95136,US,Extravaganzas,Cosplay Gatherings,2017
S11957,1992,6,7,24,Santa rosa,CA,95403,US,Extravaganzas,Cosplay Gatherings,2017
S12177,0,0,0,22,San Jose,CA,95121,US,Extravaganzas,Cosplay Gatherings,2017
S09866,1996,12,28,20,Fremont,CA,94538,US,Extravaganzas,Cosplay Gatherings,2017
S11793,1983,12,17,33,Spring Valley,CA,91977,US,Extravaganzas,Cosplay Gatherings,2017
S11929,1988,3,10,29,Oakland,CA,94601,US,Extravaganzas,Cosplay Gatherings,2017
S05964,1989,8,2,27,Santa Rosa,CA,95409,US,Extravaganzas,Cosplay Gatherings,2017
S11926,1995,1,12,22,carmichael,CA,95608,US,Extravaganzas,Cosplay Gatherings,2017
S09904,1987,3,7,30,Santa Rosa,CA,95407,US,Extravaganzas,Cosplay Gatherings,2017
S11792,1993,6,20,23,Santa Cruz,CA,95062,US,Extravaganzas,Cosplay Gatherings,2017
S11846,0,0,0,22,Fremont,CA,94539,US,Extravaganzas,Cosplay Gatherings,2017
S08895,1995,3,14,22,Mill Valley,CA,94941,US,Extravaganzas,Cosplay Gatherings,2017
S00438,1987,3,6,30,Fremont,CA,94555,US,Operations,Operations,2017
S03080,1986,5,12,31,West Sacramento,CA,95691,US,Operations,Operations,2017
S00730,1986,5,8,31,Suisun City,CA,94585,US,Operations,Operations,2017
S03910,1990,1,11,27,Berkeley,CA,94703,US,Operations,CSI,2017
S00819,1978,10,9,38,Visalia,CA,93291,US,Operations,Operations,2017
S03077,1986,1,15,31,Pleasant Hill,CA,94523,US,Operations,ConOps,2017
S03284,1978,3,9,39,Suisun City,CA,94585,US,Operations,ConOps,2017
S03059,1992,2,7,25,Fremont,CA,94536,US,Operations,ConOps,2017
S00104,1979,6,16,37,San Jose,CA,95113,US,Operations,ConOps,2017
S11319,1990,5,18,27,Colma,CA,94014,US,Operations,ConOps,2017
S12173,0,0,0,32,San Francisco,CA,94118,US,Operations,ConOps,2017
S11859,1997,12,12,19,Fresno,CA,93706,US,Operations,ConOps,2017
S12127,1997,3,9,20,Fremont,CA,94539,US,Operations,ConOps,2017
S11745,1986,10,14,30,Fresno,CA,93706,US,Operations,ConOps,2017
S11753,1979,6,12,37,Berkeley,CA,94703,US,Operations,ConOps,2017
S04416,1984,4,20,33,Brisbane,CA,94005,US,Operations,ConOps,2017
S11743,1972,12,9,44,Fresno,CA,93706,US,Operations,ConOps,2017
S11744,1987,8,25,29,Fresno,CA,93706,US,Operations,ConOps,2017
S11764,1981,4,8,36,Berkeley,CA,94702,US,Operations,ConOps,2017
S04100,1989,10,28,27,Escondido,CA,92029,US,Operations,ConOps,2017
S04417,1988,6,15,28,San Jose,CA,95123,US,Operations,ConOps,2017
S03048,1991,2,28,26,Atascadero,CA,93422,US,Operations,ConOps,2017
S11737,0,0,0,29,Brentwood,CA,78234,US,Operations,ConOps,2017
S11860,1995,8,23,21,Fresno,CA,93706,US,Operations,ConOps,2017
S00111,1972,12,19,44,santa clara,CA,95051,US,Operations,Infrastructure,2017
S11464,1997,3,10,20,Sunnyvale,CA,94087,US,Operations,Infrastructure,2017
S06101,1968,5,4,49,North Highlands,CA,95660,US,Operations,Infrastructure,2017
S06462,0,0,0,26,San Leandro,CA,94579,US,Operations,Infrastructure,2017
S07572,1989,12,19,27,San Jose,CA,95117-3004,US,Operations,Infrastructure,2017
S01297,1988,5,20,29,Suisun City,CA,94585,US,Operations,Lost and Found,2017
S10362,1990,8,28,26,Phoenix,AZ,85027,US,Operations,Lost and Found,2017
S04404,1985,1,6,32,Hayward,CA,94541,US,Operations,Lost and Found,2017
S03745,1984,4,3,33,Hayward,CA,94541,US,Operations,Lost and Found,2017
S10542,1993,2,27,24,Martinez,CA,94553,US,Operations,Lost and Found,2017
S00074,1983,8,11,33,San Jose,CA,95148,US,Operations,Lost and Found,2017
S04469,1994,11,3,22,Fremont,CA,94555,US,Operations,Volunteers,2017
S07091,1994,3,12,23,fremont,CA,94555,US,Operations,Volunteers,2017
S07651,1994,9,2,22,San Jose,CA,95133,US,Operations,Volunteers,2017
S09381,1993,11,16,23,Pinole,CA,94564,US,Operations,Volunteers,2017
S09382,1992,7,5,24,Vallejo,CA,94589,US,Operations,Volunteers,2017
S10524,1995,1,16,22,Northridge,CA,91324,US,Operations,Volunteers,2017
S10649,1993,9,29,23,San jose,CA,95148,US,Operations,Volunteers,2017
S07240,1995,4,13,22,San Jose,CA,95132,US,Operations,Volunteers,2017
S07801,0,0,0,23,San Jose,CA,95138,US,Operations,Volunteers,2017
S10798,0,0,0,22,Fremont,CA,94536,US,Operations,Volunteers,2017
S09346,1993,4,10,24,Cupertino,CA,95014,US,Operations,Volunteers,2017
S07652,1994,1,2,23,fremont,CA,94538,US,Operations,Volunteers,2017
S09386,1998,10,19,18,Fremont,CA,94555,US,Operations,Volunteers,2017
S06965,1993,10,12,23,Fremont,CA,94555,US,Operations,Volunteers,2017
S06966,1995,1,11,22,Fremont,CA,94536,US,Operations,Volunteers,2017
S06734,1995,1,17,22,Hayward,CA,94541,US,Operations,Volunteers,2017
S09385,1994,5,14,23,San Jose,CA,95132,US,Operations,Volunteers,2017
S10561,1993,1,26,24,Stockton,CA,95211,US,Operations,Volunteers,2017
S04869,1966,1,26,51,san jose,CA,95126,US,Operations,Volunteers,2017
S11788,1994,9,22,22,Union City,CA,94587,US,Operations,Volunteers,2017
S09134,1995,11,2,21,Fremont,CA,94536,US,Operations,Volunteers,2017
S01851,1989,3,23,28,Union City,CA,94587,US,Operations,Rovers,2017
S03759,1989,8,25,27,Pleasant Hill,CA,94523,US,Operations,Rovers,2017
S03639,1991,5,30,25,Castro Valley,CA,94546,US,Operations,Rovers,2017
S02316,1976,2,26,41,San Jose,CA,95124,US,Operations,Rovers,2017
S02329,1988,1,18,29,San Francisco,CA,94122,US,Operations,Rovers,2017
S07504,1993,4,12,24,Napa,CA,94558,US,Operations,Rovers,2017
S06361,1959,9,30,57,san jose,CA,95112,US,Operations,Rovers,2017
S06860,1956,10,29,60,san jose,CA,95112,US,Operations,Rovers,2017
S09086,1969,6,10,47,San Jose,CA,95136,US,Operations,Rovers,2017
S07001,1990,5,31,26,Lafayette,CA,94549,US,Operations,Rovers,2017
S12101,1997,3,5,20,San jose,CA,95123,US,Operations,Rovers,2017
S04919,1986,2,9,31,san jose,CA,95116,US,Operations,Rovers,2017
S04605,1989,12,21,27,San Jose,CA,95127,US,Operations,Rovers,2017
S00218,1986,3,21,31,Fremont,CA,94536,US,Operations,Rovers,2017
S04951,1993,11,30,23,Hayward,CA,94545,US,Operations,Rovers,2017
S07327,1994,3,22,23,Sacramento,CA,95823,US,Operations,Rovers,2017
S06053,1993,7,23,23,San Jose,CA,95131,US,Operations,Rovers,2017
S11597,1996,3,19,21,San Jose,CA,95127,US,Operations,Rovers,2017
S12069,0,0,0,27,hayward,CA,94545,US,Operations,Rovers,2017
S04993,1992,9,24,24,Millbrae,CA,94030,US,Operations,Rovers,2017
S08739,0,0,0,22,San Jose,CA,95131,US,Operations,Rovers,2017
S05142,1991,7,18,25,Atascadero,CA,93422,US,Operations,Rovers,2017
S06083,1988,11,27,28,Atascadero,CA,93422,US,Operations,Rovers,2017
S09306,1992,7,27,24,El Sobrante,CA,94803,US,Operations,Rovers,2017
S04953,1990,7,27,26,englewood,CO,80110,US,Operations,Rovers,2017
S11238,1977,5,1,40,rio linda,CA,95673,US,Operations,Rovers,2017
S10079,1994,7,16,22,San Jose,CA,95116,US,Operations,Rovers,2017
S05046,1993,6,13,23,Richmond,CA,94803,US,Operations,Rovers,2017
S11772,1998,1,24,19,San Jose,CA,95132,US,Operations,Rovers,2017
S12143,1997,8,21,19,Pinole,CA,94564,US,Operations,Rovers,2017
S12007,1998,2,5,19,San Jose,CA,95112,US,Operations,Rovers,2017
S09165,0,0,0,21,San Jose,CA,95125,US,Operations,Rovers,2017
S08709,1984,4,6,33,San Mateo,CA,94403,US,Operations,Rovers,2017
S06865,1991,5,29,25,hayward,CA,94544,US,Operations,Rovers,2017
S11970,1998,8,7,18,Daly City,CA,94015,US,Operations,Rovers,2017
S12016,1995,1,11,22,San Bruno,CA,94066,US,Operations,Rovers,2017
S10272,1992,7,19,24,American Canyon,CA,94503,US,Operations,Rovers,2017
S03720,0,0,0,25,stockton,CA,95203,US,Operations,Rovers,2017
S07614,0,0,0,25,Atascadero,CA,93422,US,Operations,Rovers,2017
S04907,0,0,0,24,San Leandro,CA,94579,US,Operations,Rovers,2017
S06013,1989,10,29,27,Benicia,CA,94510,US,Operations,Rovers,2017
S04915,1993,3,24,24,Discovery Bay,CA,94505,US,Operations,Rovers,2017
S10270,0,0,0,19,San Jose,CA,95126,US,Operations,Rovers,2017
S06058,1990,6,19,26,Sunnyvale,CA,94085,US,Operations,Rovers,2017
S09272,1983,3,18,34,san francisco,CA,94132,US,Operations,Rovers,2017
S11237,1996,6,28,20,Stockton,CA,95215,US,Operations,Rovers,2017
S12050,1997,10,2,19,Richmond,CA,94805,US,Operations,Rovers,2017
S11914,1989,9,13,27,RICHMOND,CA,94804,US,Operations,Rovers,2017
S07393,1964,6,11,52,Monterey,CA,93940,US,Operations,Rovers,2017
S07392,1991,2,13,26,Monterey,CA,939340,US,Operations,Rovers,2017
S11933,1992,9,3,24,Stockton,CA,95207,US,Operations,Rovers,2017
S11904,1993,3,11,24,french camp,CA,95231,US,Operations,Rovers,2017
S03488,0,0,0,27,Sunnyvale,CA,94086,US,Operations,Rovers,2017
S07391,1987,7,21,29,Monterey,CA,93940,US,Operations,Rovers,2017
S04914,0,0,0,27,Turlock,CA,95382,US,Operations,Rovers,2017
S04935,1992,1,10,25,San Jose,CA,95131,US,Operations,Rovers,2017
S10099,1997,8,2,19,Pinole,CA,94806,US,Operations,Rovers,2017
S08712,1992,10,1,24,Hayward,CA,94545,US,Operations,Rovers,2017
S11595,1984,4,19,33,Burlingame,CA,94010,US,Operations,Rovers,2017
S10162,1995,12,30,21,San Jose,CA,95112,US,Operations,Rovers,2017
S12144,1997,11,5,19,San Jose,CA,95121,US,Operations,Rovers,2017
S09204,0,0,0,22,Pinole,CA,94564,US,Operations,Rovers,2017
S04923,1988,11,23,28,San Jose,CA,95126,US,Operations,Rovers,2017
S04952,1993,11,21,23,San Jose,CA,95126,US,Operations,Rovers,2017
S08639,1993,2,22,24,San Jose,CA,95112,US,Operations,Rovers,2017
S07212,1988,9,27,28,Turlock,CA,95382,US,Operations,Rovers,2017
S10170,1995,5,6,22,San Jose,CA,95112,US,Operations,Rovers,2017
S12174,1991,1,24,26,Hayward,CA,94545,US,Operations,Rovers,2017
S11596,1994,6,22,22,San Jose,CA,95127,US,Operations,Rovers,2017
S07319,1994,10,17,22,Castro Valley,CA,94546,US,Operations,Rovers,2017
S04938,1992,5,19,25,French Camp,CA,95231,US,Operations,Rovers,2017
S11492,0,0,0,21,Mountain View,CA,94041,US,Operations,Rovers,2017
S07324,1994,9,10,22,Fremont,CA,94538,US,Operations,Rovers,2017
S06222,1991,4,5,26,Sacramento,CA,95831,US,Operations,Rovers,2017
S12009,1976,6,14,40,San Jose,CA,95148,US,Operations,Rovers,2017
S06495,1993,1,4,24,Fairchild AFB,WA,99011-0299,US,Operations,Rovers,2017
S00242,1989,4,27,28,San Jose,CA,95122,US,Operations,Rovers,2017
S06225,1988,3,29,29,SAN JOSE,CA,95112,US,Operations,Rovers,2017
S08740,1995,8,3,21,San Jose,CA,95116,US,Operations,Rovers,2017
S02232,1982,8,17,34,Hayward,CA,94541,US,Operations,Rovers,2017
S11910,1991,8,21,25,Hayward,CA,94544,US,Operations,Rovers,2017
S11524,1991,2,12,26,San Leandro,CA,94578,US,Operations,Rovers,2017
S12145,1984,4,9,33,San Jose,CA,95132,US,Operations,Rovers,2017
S00227,1980,4,1,37,San Francisco,CA,94127,US,Operations,Rovers,2017
S07538,0,0,0,23,Galt,CA,95632,US,Operations,Rovers,2017
S07470,1994,5,19,23,Hayward,CA,94542,US,Operations,Rovers,2017
S04913,1991,1,16,26,Hayward,CA,94541,US,Operations,Rovers,2017
S05205,1970,7,27,46,benicia,CA,94510,US,Operations,Rovers,2017
S06216,1994,5,28,22,Milpitas,CA,95035,US,Operations,Rovers,2017
S01503,1987,11,26,29,Orland,CA,95963,US,Operations,Rovers,2017
S12172,1977,11,16,39,Hayward,CA,94545,US,Operations,Rovers,2017
S11594,1987,3,12,30,San Jose,CA,95127,US,Operations,Rovers,2017
S10231,1991,12,17,25,Morgan Hill,CA,95037,US,Operations,Rovers,2017
S08734,1991,2,27,26,San Jose,CA,95112,US,Operations,Rovers,2017
S07322,1995,10,18,21,Daly City,CA,94015,US,Operations,Rovers,2017
S07199,1963,4,20,54,San Francisco,CA,94110,US,Operations,Rovers,2017
S10265,1986,8,9,30,Colma,CA,94015,US,Operations,Rovers,2017
S02761,1983,11,17,33,San Jose,CA,95112,US,Operations,Rovers,2017
S06500,1985,10,1,31,Pinole,CA,94564,US,Operations,Rovers,2017
S11908,0,0,0,24,Fremont,CA,94536,US,Operations,Rovers,2017
S11809,1999,5,10,18,Pleasanton,CA,94566,US,Operations,Rovers,2017
S11239,1998,7,2,18,rio linda,CA,95673,US,Operations,Rovers,2017
S07613,1991,7,26,25,Atascadero,CA,93422,US,Operations,Rovers,2017
S06016,1993,5,3,24,Alameda,CA,94502,US,Operations,Rovers,2017
S00220,1984,7,19,32,Antioch,CA,94509,US,Operations,Rovers,2017
S11235,1972,5,15,45,SUNNYVALE,CA,94087,US,Operations,Rovers,2017
S05745,1984,8,28,32,Fremont,CA,94555-2046,US,Operations,Rovers,2017
S11592,1996,12,19,20,fremont,CA,94536,US,Operations,Rovers,2017
S11102,1990,9,11,26,Union City,CA,94587,US,Operations,Rovers,2017
S11590,1998,6,20,18,Union City,CA,94587,US,Operations,Rovers,2017
S02757,1985,12,21,31,san jose,CA,95123,US,Operations,Rovers,2017
S04009,1994,12,10,22,Anaheim,CA,92802,US,Operations,Troubleshooter,2017
S00012,1978,8,8,38,South San Francisco,CA,94080,US,Anime Resource Group,Anime Resource Group,2017
S00275,1980,2,22,37,Fremont,CA,94536,US,Human Resources,Human Resources,2017
S00098,1983,5,17,34,San Francisco,CA,94122,US,Human Resources,Human Resources,2017
S00255,1980,7,17,36,Fremont,CA,94536,US,Human Resources,Human Resources,2017
S04727,2011,11,20,5,Fremont,CA,94536,US,Human Resources,Human Resources,2017
S09028,2014,12,16,2,Fremont,CA,94536,US,Human Resources,Human Resources,2017
S01242,1989,1,28,28,Lahaina,HI,96761,US,Human Resources,Human Resources,2017
S11325,1988,1,23,29,Manteca,CA,95336,US,Human Resources,Human Resources,2017
S00270,1977,1,21,40,Sacramento,CA,95831,US,Human Resources,Human Resources,2017
S01397,1992,1,2,25,Sacramento,CA,95831,US,Human Resources,Human Resources,2017
S01597,1992,2,12,25,South San Francisco,CA,94080,US,Human Resources,Human Resources,2017
S04101,1985,11,30,31,Daly City,CA,94015,US,Human Resources,Human Resources,2017
S04103,2007,10,4,9,Daly City,CA,94015,US,Human Resources,Human Resources,2017
S00149,1978,1,21,39,Milpitas,CA,95035,US,Human Resources,Human Resources,2017
S01142,1968,6,29,48,San Jose,CA,95131,US,Anime Resource Group,Anime Resource Group,2017
S00093,1976,3,25,41,Antelope,CA,95843,US,Anime Resource Group,Repository,2017
S00276,1988,11,13,28,Colma,CA,94014,US,Anime Resource Group,Facilities,2017
S03430,1965,4,30,52,Van Nuys,CA,91406,US,Anime Resource Group,Facilities,2017
S01605,1987,11,17,29,San Francisco,CA,94117,US,Anime Resource Group,Facilities,2017
S05134,1986,7,11,30,San Francisco,CA,94117,US,Anime Resource Group,Facilities,2017
S00063,1978,1,31,39,West Sacramento,CA,95691,US,Anime Resource Group,Facilities,2017
S05148,1991,9,10,25,Santa Cruz,CA,95064,US,Anime Resource Group,Facilities,2017
S09258,0,0,0,28,San Jose,CA,95112,US,Anime Resource Group,Facilities,2017
S07399,1990,7,25,26,Sunnyvale,CA,94086,US,Anime Resource Group,Tech,2017
S04866,1988,8,11,28,Oakland,CA,94605,US,Anime Resource Group,Tech,2017
S04589,0,0,0,26,San Jose,CA,95123,US,Anime Resource Group,Tech,2017
S08143,1992,12,4,24,New York City,NY,10032,US,Anime Resource Group,Tech,2017
S12062,1990,2,25,27,Sonora,CA,95370,US,Anime Resource Group,Tech,2017
S00088,1981,10,13,35,Santa Clara,CA,95050-6138,US,Anime Resource Group,Tech,2017
S11640,1997,5,23,19,Sunnyvale,CA,94086,US,Anime Resource Group,Tech,2017
S12188,1998,5,19,19,San Jose,CA,95129,US,Anime Resource Group,Tech,2017
S08142,0,0,0,25,Milpitas,CA,95035,US,Anime Resource Group,Tech,2017
S11689,1999,3,31,18,Hot Springs,SD,57747,US,Anime Resource Group,Tech,2017
S08207,1996,8,22,20,Sunnyvale,CA,94087,US,Anime Resource Group,Tech,2017
S02201,1949,1,19,68,San Jose,CA,95112,US,Anime Resource Group,Tech,2017
S11693,1988,1,8,29,San Jose,CA,95136,US,Anime Resource Group,Tech,2017
S10108,1993,7,26,23,sanjose,CA,95111,US,Anime Resource Group,Tech,2017
S09980,1986,10,9,30,emeryville,CA,94608,US,Anime Resource Group,Tech,2017
S00094,1979,2,7,38,San Jose,CA,95126,US,Anime Resource Group,Logistics,2017
S04372,1991,7,4,25,San Leandro,CA,94579,US,Anime Resource Group,Logistics,2017
S12197,1999,10,22,17,San Leandro,CA,94579,US,Anime Resource Group,Logistics,2017
S08727,0,0,0,26,San Leandro,CA,94577-2412,US,Anime Resource Group,Logistics,2017
S08565,1995,2,19,22,San Jose,CA,95112,US,Anime Resource Group,Logistics,2017
S07165,1995,2,19,22,San Jose,CA,95112,US,Anime Resource Group,Logistics,2017
S03362,1987,11,14,29,El Sobrante,CA,94803,US,Anime Resource Group,Logistics,2017
S09071,1989,12,13,27,San Francisco,CA,94133,US,Anime Resource Group,Logistics,2017
S02268,1986,6,15,30,Morgan Hill,CA,95037,US,Anime Resource Group,Logistics,2017
S00391,1963,4,26,54,San Jose,CA,95126,US,Anime Resource Group,Logistics,2017
S10752,2014,7,9,2,San Jose,CA,95126,US,Anime Resource Group,Logistics,2017
S00632,1957,9,15,59,San Jose,CA,95126,US,Anime Resource Group,Logistics,2017
S07606,1996,2,15,21,Mountain View,CA,94043,US,Anime Resource Group,Logistics,2017
S00577,1988,12,17,28,Hayward,CA,94545,US,Anime Resource Group,Logistics,2017
S12004,1994,4,5,23,South San Francisco,CA,94080,US,Anime Resource Group,Logistics,2017
S02281,1983,1,1,34,San Jose,CA,95124,US,Anime Resource Group,Logistics,2017
S10365,0,0,0,25,San Lorenzo,CA,94580,US,Anime Resource Group,Logistics,2017
S09992,1997,10,20,19,San Leandro,CA,94579,US,Anime Resource Group,Logistics,2017
S00966,1986,3,23,31,San Jose,CA,95119,US,Anime Resource Group,Logistics,2017
S02103,1984,12,5,32,San Jose,CA,95119,US,Anime Resource Group,Logistics,2017
S00083,1957,12,14,59,Pflugerville,TX,78660,US,Anime Resource Group,Anime Resource Group,2017
S04028,1981,11,2,35,Manhattan Beach,CA,90266,US,Anime Resource Group,Anime Resource Group,2017
S11185,1993,4,24,24,TX,TX,78660,US,Anime Resource Group,Anime Resource Group,2017
S11621,1996,7,25,20,San Antonio,TX,78232,US,Anime Resource Group,Anime Resource Group,2017
S11620,0,0,0,20,San Antonio,TX,78212,US,Anime Resource Group,Anime Resource Group,2017
S04069,1992,4,21,25,San Francisco,CA,94133,US,Anime Resource Group,Anime Resource Group,2017
S04143,0,0,0,36,South San francisco,CA,94080,US,Anime Resource Group,Anime Resource Group,2017
S06199,1990,5,31,26,San Francisco,CA,94122,US,Anime Resource Group,Anime Resource Group,2017
S11797,1999,2,11,18,Daly City,CA,94015,US,Anime Resource Group,Anime Resource Group,2017
S10712,1997,5,27,19,San jose,CA,95138,US,Anime Resource Group,Anime Resource Group,2017
S04900,1991,12,26,25,San Jose,CA,95112,US,Anime Resource Group,Anime Resource Group,2017
S12076,1990,9,7,26,Roseville,CA,95747,US,Anime Resource Group,Anime Resource Group,2017
S12074,1994,7,31,22,Union city,CA,94587,US,Anime Resource Group,Anime Resource Group,2017
S00545,1974,8,30,42,San Lorenzo,CA,94580,US,Executive Staff,Clockwork Alchemy,2017
S00059,1975,2,14,42,Santa Clara,CA,95051,US,Executive Staff,Clockwork Alchemy,2017
S05825,1966,6,1,50,Campbell,CA,95008,US,Clockwork Alchemy,Clockwork Alchemy Programming,2017
S09667,0,0,0,21,San Jose,CA,95123,US,Clockwork Alchemy,Clockwork Alchemy Programming,2017
S11720,2000,10,30,16,San Jose,CA,95123,US,Clockwork Alchemy,Clockwork Alchemy Programming,2017
S11721,0,0,0,22,Davis,CA,95616,US,Clockwork Alchemy,Clockwork Alchemy Programming,2017
S11144,1974,11,12,42,CA,CA,94551,US,Clockwork Alchemy,Western Martial Arts,2017
S04751,0,0,0,50,Richmond,CA,94803,US,Clockwork Alchemy,Western Martial Arts,2017
S04753,0,0,0,57,Richmond,CA,94803,US,Clockwork Alchemy,Western Martial Arts,2017
S07772,1951,10,12,65,Live Oak,CA,95953,US,Clockwork Alchemy,Western Martial Arts,2017
S09218,1997,5,1,20,Live Oak,CA,95953,US,Clockwork Alchemy,Western Martial Arts,2017
S07629,1961,9,9,55,capitola,CA,95010,US,Clockwork Alchemy,Western Martial Arts,2017
S11507,1989,8,17,27,CA,CA,94509,US,Clockwork Alchemy,Western Martial Arts,2017
S07626,1959,1,14,58,El Cerrito,CA,94530,US,Clockwork Alchemy,Western Martial Arts,2017
S11924,2001,10,6,15,CA,CA,94551,US,Clockwork Alchemy,Western Martial Arts,2017
S08715,1955,12,6,61,San Francisco,CA,94112,US,Clockwork Alchemy,Western Martial Arts,2017
S11925,0,0,0,16,Milpitas,CA,95035,US,Clockwork Alchemy,Western Martial Arts,2017
S07804,1996,6,9,20,Walnut Creek,CA,94596-5822,US,Clockwork Alchemy,Western Martial Arts,2017
S06313,1964,1,2,53,San Jose,CA,95132,US,Clockwork Alchemy,Clockwork Alchemy Panels,2017
S05867,1963,11,13,53,Berkeley,CA,94705,US,Clockwork Alchemy,Clockwork Alchemy Panels,2017
S11305,1963,10,30,53,San Jose,CA,95132,US,Clockwork Alchemy,Clockwork Alchemy Panels,2017
S09015,1973,9,22,43,Newark,CA,94560,US,Clockwork Alchemy,Clockwork Alchemy Gaming,2017
S11934,1962,8,3,54,San Jose,CA,95126,US,Clockwork Alchemy,Clockwork Alchemy Gaming,2017
S05032,1951,10,28,65,San Leandro,CA,94577,US,Clockwork Alchemy,Clockwork Alchemy Gaming,2017
S09103,1968,8,1,48,Newark,CA,94560,US,Clockwork Alchemy,Clockwork Alchemy Gaming,2017
S05258,1954,5,27,62,San Leandro,CA,94577,US,Clockwork Alchemy,Clockwork Alchemy Gaming,2017
S05317,0,0,0,48,Santa Clara,CA,95050,US,Clockwork Alchemy,Clockwork Alchemy Registration,2017
S07807,0,0,0,44,Carmichael,CA,95608-1027,US,Clockwork Alchemy,Clockwork Alchemy Registration,2017
S05896,1961,6,7,55,San Jose,CA,95148-3105,US,Clockwork Alchemy,Clockwork Alchemy Content,2017
S11456,1972,9,16,44,San Jose,CA,95136,US,Clockwork Alchemy,Clockwork Alchemy Content,2017
S07366,1963,2,26,54,VOLCANO,CA,95689-9737,US,Clockwork Alchemy,Clockwork Alchemy Creative,2017
S02671,1983,9,18,33,Orting,WA,98360,US,Clockwork Alchemy,Clockwork Alchemy Creative,2017
S12186,1991,6,5,25,Redwood City,CA,94063,US,Clockwork Alchemy,Clockwork Alchemy Creative,2017
S07367,1987,3,21,30,Volcano,CA,95689,US,Clockwork Alchemy,Clockwork Alchemy Creative,2017
S05269,0,0,0,48,San Lorenzo,CA,94580,US,Clockwork Alchemy,Clockwork Alchemy Tea Parlor,2017
S11191,1975,9,10,41,West Sacramento,CA,95691,US,Clockwork Alchemy,Clockwork Alchemy Tea Parlor,2017
S07980,1989,11,10,27,San Jose,CA,95124,US,Clockwork Alchemy,Clockwork Alchemy Tea Parlor,2017
S07774,1976,8,3,40,Redwood City,CA,94061,US,Clockwork Alchemy,Clockwork Alchemy Tea Parlor,2017
S11446,0,0,0,33,Riverside,CA,92507-4755,US,Clockwork Alchemy,Clockwork Alchemy Tea Parlor,2017
S09249,1962,10,10,54,Irvine,CA,92606,US,Clockwork Alchemy,Clockwork Alchemy Tea Parlor,2017
S09280,1963,2,9,54,Irvine,CA,92606,US,Clockwork Alchemy,Clockwork Alchemy Tea Parlor,2017
S11307,1970,7,4,46,San Jose,CA,95126,US,Clockwork Alchemy,Clockwork Alchemy Tea Parlor,2017
S09783,1971,11,4,45,Yorba linda,CA,92886,US,Clockwork Alchemy,Clockwork Alchemy Tea Parlor,2017
S09016,1977,2,27,40,Elk Grove,CA,95624,US,Clockwork Alchemy,Clockwork Alchemy Tea Parlor,2017
S10346,1993,10,13,23,Los Gatos,CA,95033,US,Clockwork Alchemy,Clockwork Alchemy Tea Parlor,2017
S05895,0,0,0,46,San Jose,CA,95110,US,Clockwork Alchemy,Clockwork Alchemy Tea Parlor,2017
S11761,1978,6,21,38,Felton,CA,95018,US,Clockwork Alchemy,Clockwork Alchemy Tea Parlor,2017
S07775,1980,8,9,36,Carmichael,CA,95608,US,Clockwork Alchemy,Clockwork Alchemy Tea Parlor,2017
S08529,0,0,0,47,Davis,CA,95618,US,Clockwork Alchemy,Clockwork Alchemy Tea Parlor,2017
S08437,1988,9,2,28,Nicasio,CA,94946,US,Clockwork Alchemy,Clockwork Alchemy Tech,2017
S00617,1964,12,22,52,Fresno,CA,93727-4155,US,Clockwork Alchemy,Clockwork Alchemy Tech,2017
S07758,1983,2,3,34,Fremont,CA,94538,US,Clockwork Alchemy,Clockwork Alchemy Tech,2017
S09198,1979,12,31,37,San Jose,CA,95134,US,Clockwork Alchemy,Clockwork Alchemy Info Desk,2017
S05117,1963,1,24,54,San Francisco,CA,94112-3225,US,Clockwork Alchemy,Clockwork Alchemy Info Desk,2017
S07353,1994,9,11,22,San Jose,CA,95128,US,Clockwork Alchemy,Clockwork Alchemy Info Desk,2017
S11736,1982,5,12,35,Oakland,CA,94610,US,Clockwork Alchemy,Clockwork Alchemy Info Desk,2017
S12002,1980,1,31,37,San Jose,CA,95134,US,Clockwork Alchemy,Clockwork Alchemy Info Desk,2017
S09251,1994,9,27,22,Ashland,OR,97520,US,Clockwork Alchemy,Clockwork Alchemy Info Desk,2017
S09252,1997,1,10,20,Ashland,OR,97520,US,Clockwork Alchemy,Clockwork Alchemy Info Desk,2017
S07729,1983,5,18,34,Foster city,CA,94404,US,Clockwork Alchemy,Clockwork Alchemy Info Desk,2017
S04655,1962,7,26,54,San Jose,CA,95123,US,Clockwork Alchemy,Clockwork Alchemy Artist's Bazaar,2017
S10627,1983,2,25,34,Santa Clara,CA,95050,US,Clockwork Alchemy,Clockwork Alchemy Artist's Bazaar,2017
S05876,1982,5,25,34,Belmont,CA,94002,US,Clockwork Alchemy,Clockwork Alchemy Artist's Bazaar,2017
S04701,1982,3,7,35,Martinez,CA,94553,US,Clockwork Alchemy,Clockwork Alchemy Artist's Bazaar,2017
S11254,1973,9,10,43,San Jose,CA,95126,US,Clockwork Alchemy,Clockwork Alchemy Artist's Bazaar,2017
S05171,1984,4,4,33,Martinez,CA,94553,US,Clockwork Alchemy,Clockwork Alchemy Artist's Bazaar,2017
S08855,1993,8,16,23,Pittsburg Ca,CA,94565,US,Clockwork Alchemy,Clockwork Alchemy Artist's Bazaar,2017
S05291,0,0,0,41,Berkeley,CA,94709,US,Clockwork Alchemy,Clockwork Alchemy Artist's Bazaar,2017
S09597,0,0,0,61,Carmichael,CA,95608,US,Clockwork Alchemy,Clockwork Alchemy Artist's Gallery,2017
S11179,0,0,0,58,Carmichael,CA,95608,US,Clockwork Alchemy,Clockwork Alchemy Artist's Gallery,2017
S11280,1982,2,27,35,Mather,CA,95655,US,Clockwork Alchemy,Clockwork Alchemy Artist's Gallery,2017
S11984,1977,11,12,39,Rancho Cordova,CA,95670,US,Clockwork Alchemy,Clockwork Alchemy Artist's Gallery,2017
S11284,1987,11,25,29,Sacramento,CA,95831,US,Clockwork Alchemy,Clockwork Alchemy Artist's Gallery,2017
S00089,1969,5,24,47,San Jose,CA,95130,US,Clockwork Alchemy,Clockwork Alchemy Operations,2017
S12203,0,0,0,15,Los Gatos,CA,95032,US,Clockwork Alchemy,Clockwork Alchemy Operations,2017
S03632,1959,6,10,57,Santa Clara,CA,95050,US,Clockwork Alchemy,Clockwork Alchemy Operations,2017
S05238,0,0,0,62,san leandro,CA,94577,US,Clockwork Alchemy,Clockwork Alchemy ConOps,2017
S05271,1963,7,3,53,Oakley,CA,94561-3410,US,Clockwork Alchemy,Clockwork Alchemy ConOps,2017
S07603,0,0,0,21,San Jose,CA,95123,US,Clockwork Alchemy,Clockwork Alchemy ConOps,2017
S09208,1985,8,27,31,san francisco,CA,94109,US,Clockwork Alchemy,Clockwork Alchemy ConOps,2017
S09161,0,0,0,20,San Jose,CA,95125,US,Clockwork Alchemy,Clockwork Alchemy ConOps,2017
S10374,1970,8,14,46,Brentwood,CA,94513,US,Clockwork Alchemy,Clockwork Alchemy ConOps,2017
S08844,1992,3,11,25,Oakley,CA,94561,US,Clockwork Alchemy,Clockwork Alchemy ConOps,2017
S11719,1998,7,14,18,San Jose,CA,95125,US,Clockwork Alchemy,Clockwork Alchemy ConOps,2017
S04975,1985,9,16,31,Mountain View,CA,94041,US,Clockwork Alchemy,Clockwork Alchemy ConOps,2017
S05319,1992,3,16,25,Torrance,CA,90505-2831,US,Clockwork Alchemy,Clockwork Alchemy ConOps,2017
S11207,1995,3,6,22,Torrance,CA,90505,US,Clockwork Alchemy,Clockwork Alchemy ConOps,2017
S11857,1976,2,8,41,Oakley,CA,94561,US,Clockwork Alchemy,Clockwork Alchemy ConOps,2017
S06482,1983,9,22,33,Martinez,CA,94553,US,Clockwork Alchemy,Clockwork Alchemy ConOps,2017
S10375,1994,1,22,23,Citrus Heights,CA,95621,US,Clockwork Alchemy,Clockwork Alchemy ConOps,2017
S10708,0,0,0,20,San Jose,CA,95136,US,Clockwork Alchemy,Clockwork Alchemy ConOps,2017
S01498,1984,12,6,32,San Jose,CA,95148,US,Clockwork Alchemy,Bobbies,2017
S03211,1984,5,20,33,San Jose,CA,95126,US,Clockwork Alchemy,Bobbies,2017
S02071,1968,8,16,48,Castro Valley,CA,94546,US,Clockwork Alchemy,Bobbies,2017
S11839,1996,6,29,20,Stockton,CA,95206,US,Clockwork Alchemy,Bobbies,2017
S07742,1996,1,7,21,San Jose,CA,95123,US,Clockwork Alchemy,Bobbies,2017
S09344,1958,5,1,59,San Jose,CA,95148-3105,US,Clockwork Alchemy,Bobbies,2017
S07776,1990,3,26,27,Sonora,CA,95370,US,Clockwork Alchemy,Bobbies,2017
S07293,1980,7,20,36,San Jose,CA,95126,US,Clockwork Alchemy,Bobbies,2017
S07743,1994,12,29,22,San Jose,CA,95132,US,Clockwork Alchemy,Bobbies,2017
S04965,1983,9,22,33,Castro Valley,CA,94552,US,Clockwork Alchemy,Clockwork Alchemy Special Events,2017
S05102,1973,9,30,43,Sonora,CA,95370,US,Clockwork Alchemy,Clockwork Alchemy Special Events,2017
S11181,2001,4,9,16,sonora,CA,95370,US,Clockwork Alchemy,Clockwork Alchemy Special Events,2017
S11313,1973,6,12,43,Citrus Heights,CA,95610,US,Clockwork Alchemy,Clockwork Alchemy Special Events,2017
S04518,1965,7,13,51,Campbell,CA,95008,US,Clockwork Alchemy,Clockwork Alchemy Special Events,2017
S07384,1996,3,22,21,San Jose,CA,95123,US,Clockwork Alchemy,Clockwork Alchemy Special Events,2017
S07732,1975,1,10,42,Fremont,CA,94538,US,Clockwork Alchemy,Clockwork Alchemy Special Events,2017
S08487,1986,5,26,30,CITRUS HEIGHTS,CA,95621,US,Clockwork Alchemy,Clockwork Alchemy Special Events,2017
S11314,0,0,0,42,Sacramento,CA,95816,US,Clockwork Alchemy,Clockwork Alchemy Special Events,2017
S08488,1993,11,10,23,Citrus Heights,CA,95621,US,Clockwork Alchemy,Clockwork Alchemy Special Events,2017
S12048,1999,5,5,18,Citrus Heights,CA,95621,US,Clockwork Alchemy,Clockwork Alchemy Special Events,2017
S05031,1982,1,10,35,Oakland,CA,94610,US,Clockwork Alchemy,Clockwork Alchemy Special Events,2017
S11171,1961,6,12,55,Sunnyvale,CA,94086,US,Clockwork Alchemy,Clockwork Alchemy Special Events,2017
S06443,1984,11,27,32,Hathaway Pines,CA,95233,US,Clockwork Alchemy,Clockwork Alchemy Special Events,2017
S08365,1997,1,6,20,Sonora,CA,95370,US,Clockwork Alchemy,Clockwork Alchemy Special Events,2017
S09000,1973,9,11,43,Allston,MA,02134,US,Clockwork Alchemy,Clockwork Alchemy Special Events,2017
S04963,1974,3,11,43,San Jose,CA,95128,US,Clockwork Alchemy,Clockwork Alchemy Web,2017
S11258,0,0,0,29,San Jose,CA,95118,US,Clockwork Alchemy,Clockwork Alchemy Web,2017
S04508,1959,9,10,57,San Jose,CA,95123,US,Clockwork Alchemy,Clockwork Alchemy Logistics,2017
S09179,0,0,0,35,San Francisco,CA,94110,US,Clockwork Alchemy,Clockwork Alchemy Logistics,2017
S09180,1987,9,11,29,San Francisco,CA,94131,US,Clockwork Alchemy,Clockwork Alchemy Logistics,2017
S08873,1996,12,12,20,Campbell,CA,95008,US,Clockwork Alchemy,Clockwork Alchemy Logistics,2017
S08539,1996,3,28,21,Santa Clara,CA,95050,US,Clockwork Alchemy,Clockwork Alchemy Logistics,2017
S08817,0,0,0,20,PITTSBURG,CA,94565,US,Clockwork Alchemy,Clockwork Alchemy Logistics,2017
S08530,0,0,0,21,Sunnyvale,CA,94086,US,Clockwork Alchemy,Clockwork Alchemy Logistics,2017
S10438,1996,9,16,20,Campbell,CA,95008,US,Clockwork Alchemy,Clockwork Alchemy Logistics,2017
S11704,1995,12,8,21,Saratoga,CA,95070,US,Clockwork Alchemy,Clockwork Alchemy Logistics,2017
S11919,1961,1,13,56,Bend,OR,97702,US,Clockwork Alchemy,Clockwork Alchemy Logistics,2017
S09039,1996,1,11,21,Campbell,CA,95008,US,Clockwork Alchemy,Clockwork Alchemy Logistics,2017
S11974,0,0,0,21,San Jose,CA,95133,US,Clockwork Alchemy,Clockwork Alchemy Logistics,2017
S05014,0,0,0,101,San Francisco,CA,94105,US,Human Resources,Staff Housing,2017
